sales0,sales1,sales2,sales3,sales4,country,State,CouSub,population,store_Type,store
696,511,514,867,1034,17,1,99999,34215,Supermarket Type1,0.36
599,481,500,883,894,19,1,99999,25989,Supermarket Type1,0.14
599,423,475,802,1061,21,1,99999,43643,Supermarket Type1,0.32
599,459,462,883,886,35,1,99999,13228,Supermarket Type1,0.1
599,481,505,746,801,37,1,99999,11539,Supermarket Type3,0.22
599,460,463,866,961,39,1,99999,37765,Supermarket Type1,0.24
788,628,663,1084,1288,51,1,99999,79303,Supermarket Type1,0.71
599,484,505,746,870,53,1,99999,38319,Supermarket Type1,0.15
757,450,572,950,1079,65,1,99999,15760,Supermarket Type2,0.18
599,435,465,883,987,67,1,99999,17302,Supermarket Type1,0.18
773,545,652,1015,1142,73,1,99999,658466,Supermarket Type3,0.71
711,515,576,978,1033,83,1,99999,82782,Supermarket Type1,0.64
599,440,443,746,848,87,1,99999,21452,Supermarket Type2,0.08
655,457,552,908,936,103,1,99999,119490,Supermarket Type1,0.81
619,486,489,771,827,111,1,99999,22913,Supermarket Type2,0.32
608,491,502,840,1021,127,1,99999,67023,Grocery Store,0.26
599,440,443,746,801,131,1,99999,11670,Grocery Store,0.17
599,481,505,820,1061,133,1,99999,24484,Supermarket Type1,0.26
834,599,703,1039,1204,13,2,99999,3141,Supermarket Type1,0.54
1097,734,925,1366,1759,185,2,99999,9430,Supermarket Type3,0.45
1261,1019,1064,1571,1685,188,2,99999,7523,Supermarket Type1,0.41
870,625,679,1282,1541,282,2,99999,662,Supermarket Type1,0.43
734,593,609,914,1139,290,2,99999,5588,Grocery Store,0.34
643,389,475,805,967,1,4,99999,71518,Supermarket Type1,0.53
643,458,475,801,859,11,4,99999,8437,Supermarket Type3,0.47
752,477,589,1019,1180,15,4,99999,200186,Supermarket Type2,0.68
727,534,537,1025,1036,17,4,99999,107449,Supermarket Type1,0.8
796,555,630,1173,1240,25,4,99999,211033,Supermarket Type1,0.74
592,435,438,737,840,1,5,99999,19019,Supermarket Type1,0.12
624,458,461,777,944,13,5,99999,5368,Supermarket Type1,0.43
584,429,432,758,800,21,5,99999,16083,Supermarket Type1,0.07
832,614,702,1137,1267,35,5,99999,50902,Supermarket Type1,0.46
584,421,493,861,1034,53,5,99999,17853,Supermarket Type1,0.12
627,393,466,870,1111,55,5,99999,42090,Supermarket Type1,0.29
605,472,510,806,935,59,5,99999,32923,Supermarket Type1,0.29
584,390,432,767,945,61,5,99999,13789,Supermarket Type1,0.2
590,433,436,747,947,63,5,99999,36647,Supermarket Type1,0.19
641,409,482,803,982,69,5,99999,77435,Supermarket Type1,0.67
584,429,432,861,884,73,5,99999,7645,Supermarket Type1,0.04
719,490,559,1059,1249,87,5,99999,15717,Supermarket Type1,0.46
584,429,432,727,855,89,5,99999,16653,Supermarket Type2,0.06
605,378,447,804,892,93,5,99999,46480,Supermarket Type1,0.26
584,429,432,727,884,97,5,99999,9487,Supermarket Type1,0.01
584,429,432,745,884,121,5,99999,17969,Supermarket Type1,0.04
584,429,432,727,780,129,5,99999,8195,Grocery Store,0.08
584,455,493,741,884,141,5,99999,17295,Supermarket Type1,0.14
584,429,432,861,884,147,5,99999,7260,Supermarket Type3,0.15
1585,1039,1260,2213,2716,1,6,99999,1510271,Grocery Store,0.87
986,587,729,1308,1592,5,6,99999,38091,Supermarket Type1,0.44
840,611,621,1046,1356,43,6,99999,18251,Supermarket Type1,0.23
1141,842,962,1421,1842,51,6,99999,14202,Supermarket Type1,0.59
1608,1117,1283,2250,2505,59,6,99999,3010232,Grocery Store,0.9
1756,1073,1298,2263,2525,87,6,99999,262382,Supermarket Type3,0.86
794,522,622,1158,1303,93,6,99999,44900,Supermarket Type1,0.38
771,577,592,1136,1321,107,6,99999,442179,Supermarket Type3,0.66
1156,723,893,1696,1967,14,8,99999,55889,Supermarket Type2,0.73
643,472,475,881,987,17,8,99999,1836,Supermarket Type1,0.37
1156,723,893,1696,1967,19,8,99999,9088,Supermarket Type1,0.61
643,519,542,801,859,21,8,99999,8256,Grocery Store,0.13
1156,723,893,1696,1967,31,8,99999,600158,Supermarket Type1,0.84
883,576,653,1100,1478,51,8,99999,15324,Supermarket Type1,0.46
652,479,482,812,871,55,8,99999,6711,Supermarket Type1,0.16
672,514,518,837,966,61,8,99999,1398,Supermarket Type3,0.31
643,472,475,801,1134,63,8,99999,8270,Supermarket Type1,0.41
893,600,742,1316,1582,69,8,99999,299630,Supermarket Type3,0.71
643,500,504,801,987,73,8,99999,5467,Supermarket Type1,0.11
779,491,585,1148,1319,77,8,99999,146723,Supermarket Type1,0.73
643,519,542,948,1139,83,8,99999,25535,Grocery Store,0.17
776,496,574,1096,1374,85,8,99999,41276,Supermarket Type2,0.27
643,490,493,832,913,87,8,99999,28159,Supermarket Type1,0.13
694,509,513,1023,1074,103,8,99999,6666,Supermarket Type1,0.22
786,523,611,1153,1392,123,8,99999,252825,Supermarket Type1,0.75
643,472,475,849,1001,125,8,99999,10043,Supermarket Type2,0.26
1943,1291,1564,2420,3010,1,9,18850,20732,Supermarket Type1,0.81
1283,803,1008,1679,1818,1,9,26620,59404,Supermarket Type1,0.93
1283,803,1008,1679,1818,1,9,48620,19479,Supermarket Type1,0.98
1583,1027,1170,1973,2497,1,9,50860,13881,Supermarket Type1,0.93
1283,803,1008,1679,1818,1,9,77200,36018,Supermarket Type1,0.98
1943,1291,1564,2420,3010,1,9,83430,10179,Supermarket Type3,0.87
1943,1291,1564,2420,3010,1,9,86370,18062,Supermarket Type1,0.94
1144,732,918,1425,1655,3,9,22070,5148,Supermarket Type1,0.76
1144,732,918,1425,1655,3,9,24800,11162,Supermarket Type1,0.96
1144,732,918,1425,1655,3,9,45820,6404,Supermarket Type1,0.83
1144,732,918,1425,1655,3,9,60120,17716,Supermarket Type2,0.73
1144,732,918,1425,1655,3,9,65370,19709,Supermarket Type1,0.97
1144,732,918,1425,1655,3,9,74540,15735,Supermarket Type1,0.96
1144,732,918,1425,1655,3,9,87000,29044,Supermarket Type1,0.6
1144,732,918,1425,1655,3,9,87070,12498,Supermarket Type3,0.55
1030,790,802,1305,1548,5,9,4930,3607,Supermarket Type1,0.6
1030,790,802,1305,1548,5,9,10940,1234,Supermarket Type1,0.36
1030,790,802,1305,1548,5,9,17240,1420,Supermarket Type1,0.22
1030,790,802,1305,1548,5,9,66420,3741,Supermarket Type1,0.5
1030,790,802,1305,1548,5,9,79720,3578,Supermarket Type2,0.45
1214,891,897,1689,1695,7,9,26270,6683,Grocery Store,0.82
1144,732,918,1425,1655,7,9,35230,8346,Supermarket Type1,0.88
1144,732,918,1425,1655,7,9,47080,4425,Supermarket Type1,0.81
1249,958,1011,1581,1762,9,9,1220,19249,Supermarket Type1,0.49
1316,874,1055,1639,1818,9,9,4580,5563,Supermarket Type1,0.76
1316,874,1055,1639,1818,9,9,22910,29257,Supermarket Type1,0.85
1316,874,1055,1639,1818,9,9,35650,60960,Supermarket Type3,0.92
1249,958,1011,1581,1762,9,9,58300,12683,Supermarket Type1,0.26
1137,770,840,1416,1648,11,9,15910,16068,Supermarket Type1,0.86
1057,716,805,1353,1560,11,9,23400,19159,Grocery Store,0.6
1057,716,805,1353,1560,11,9,29910,1922,Supermarket Type1,0.84
1057,716,805,1353,1560,11,9,33900,11951,Supermarket Type1,0.89
1057,716,805,1353,1560,11,9,44210,2406,Supermarket Type1,0.92
1057,716,805,1353,1560,11,9,56270,40493,Supermarket Type1,0.82
1057,716,805,1353,1560,11,9,73770,18545,Grocery Store,0.76
1057,716,805,1353,1560,11,9,78600,2603,Supermarket Type1,0.87
1144,732,918,1425,1655,13,9,1080,3303,Supermarket Type3,0.85
1144,732,918,1425,1655,13,9,17800,12435,Supermarket Type2,0.73
1144,732,918,1425,1655,13,9,44910,26543,Supermarket Type1,0.91
1144,732,918,1425,1655,13,9,78250,29179,Supermarket Type1,0.8
953,567,711,1187,1329,15,9,1430,4317,Supermarket Type1,0.31
953,567,711,1187,1329,15,9,36000,1863,Supermarket Type1,0.23
953,567,711,1187,1329,15,9,59980,15405,Supermarket Type2,0.33
878,542,709,1216,1446,9,12,99999,543376,Supermarket Type3,0.75
770,600,604,1020,1270,17,12,99999,141236,Grocery Store,0.73
658,532,555,898,901,27,12,99999,34862,Grocery Store,0.25
931,628,775,1228,1502,31,12,99999,864263,Supermarket Type1,0.92
905,705,749,1160,1578,39,12,99999,46389,Supermarket Type1,0.76
643,519,533,801,940,47,12,99999,14799,Supermarket Type1,0.1
757,556,560,998,1151,51,12,99999,39140,Supermarket Type2,0.4
959,610,765,1280,1533,53,12,99999,172778,Supermarket Type2,0.51
726,571,575,1070,1073,55,12,99999,98786,Supermarket Type1,0.85
821,532,659,1104,1109,61,12,99999,138028,Grocery Store,0.62
997,707,836,1330,1608,69,12,99999,297052,Supermarket Type1,0.64
905,705,749,1160,1578,73,12,99999,275487,Supermarket Type1,0.82
657,531,542,915,1164,75,12,99999,40801,Supermarket Type2,0.38
643,519,533,948,951,77,12,99999,8365,Supermarket Type3,0.12
939,684,758,1291,1522,85,12,99999,146318,Grocery Store,0.81
692,508,511,862,925,93,12,99999,39996,Grocery Store,0.27
830,637,641,1126,1370,105,12,99999,602095,Supermarket Type1,0.9
960,675,750,1286,1511,115,12,99999,379448,Supermarket Type1,0.95
997,707,836,1330,1608,117,12,99999,422718,Supermarket Type1,0.79
786,635,663,1158,1240,119,12,99999,93420,Grocery Store,0.62
643,383,475,923,927,121,12,99999,41551,Supermarket Type1,0.32
643,472,475,834,860,125,12,99999,15535,Supermarket Type1,0.12
643,472,475,852,905,133,12,99999,24896,Grocery Store,0.35
687,470,541,891,918,9,13,99999,45720,Grocery Store,0.39
586,430,433,730,1025,19,13,99999,19286,Supermarket Type3,0.24
735,588,591,942,1121,27,13,99999,16243,Grocery Store,0.31
922,633,778,1230,1459,29,13,99999,30233,Supermarket Type1,0.68
728,541,610,990,1226,33,13,99999,23316,Supermarket Type1,0.77
586,430,433,730,884,43,13,99999,10998,Supermarket Type1,0.2
614,482,485,765,930,61,13,99999,3183,Supermarket Type1,0.19
916,708,773,1213,1474,67,13,99999,688078,Supermarket Type1,0.92
728,541,610,990,1226,73,13,99999,124053,Supermarket Type1,0.94
586,473,494,864,1038,91,13,99999,21796,Supermarket Type1,0.12
653,478,542,904,928,95,13,99999,94565,Supermarket Type1,0.68
735,588,591,942,1121,101,13,99999,4034,Supermarket Type1,0.28
922,633,778,1230,1459,103,13,99999,52250,Supermarket Type3,0.65
586,473,476,738,783,109,13,99999,11000,Supermarket Type1,0.09
667,507,510,831,1181,123,13,99999,28292,Supermarket Type1,0.25
701,515,518,873,982,127,13,99999,79626,Supermarket Type3,0.53
612,449,452,853,912,133,13,99999,15994,Supermarket Type1,0.2
586,430,433,826,1038,147,13,99999,25213,Supermarket Type1,0.23
916,708,773,1213,1474,159,13,99999,13900,Supermarket Type2,0.88
735,588,591,942,1121,173,13,99999,10078,Grocery Store,0.47
590,454,473,807,1045,183,13,99999,14464,Supermarket Type1,0.27
586,473,494,730,959,193,13,99999,14740,Supermarket Type2,0.19
743,553,608,1007,1135,195,13,99999,28120,Supermarket Type2,0.85
586,473,494,730,887,209,13,99999,9123,Supermarket Type1,0.09
745,536,628,1026,1319,215,13,99999,189885,Supermarket Type2,0.76
601,358,444,819,822,225,13,99999,27695,Supermarket Type1,0.22
586,437,440,730,1038,229,13,99999,18758,Supermarket Type1,0.13
586,473,494,864,887,239,13,99999,2513,Supermarket Type1,0.11
586,430,433,774,887,243,13,99999,7719,Supermarket Type1,0.09
728,541,610,990,1226,245,13,99999,200549,Supermarket Type1,0.97
586,430,433,779,783,251,13,99999,14593,Supermarket Type2,0.14
586,473,494,804,807,253,13,99999,8729,Supermarket Type1,0.22
916,708,773,1213,1474,255,13,99999,64073,Supermarket Type1,0.93
616,498,509,842,845,261,13,99999,32819,Supermarket Type2,0.33
586,349,456,845,887,269,13,99999,8906,Grocery Store,0.33
653,478,542,904,928,273,13,99999,9315,Supermarket Type1,0.52
609,469,474,771,999,277,13,99999,40118,Supermarket Type1,0.3
656,507,510,817,942,281,13,99999,10471,Supermarket Type1,0.23
586,434,437,730,1038,287,13,99999,8930,Supermarket Type1,0.1
586,473,480,864,866,301,13,99999,5834,Supermarket Type1,0.04
586,473,494,765,1038,303,13,99999,21187,Supermarket Type1,0.22
653,495,536,838,1045,313,13,99999,102599,Supermarket Type1,0.68
586,430,433,730,1006,315,13,99999,9255,Supermarket Type1,0.05
653,478,542,904,928,321,13,99999,21679,Grocery Store,0.61
643,515,542,863,1139,9,16,99999,9285,Supermarket Type2,0.2
643,504,507,948,1124,33,16,99999,982,Supermarket Type1,0.12
643,515,542,886,1124,35,16,99999,8761,Supermarket Type1,0.13
643,472,475,884,1124,37,16,99999,4368,Supermarket Type1,0.13
684,502,506,978,1211,39,16,99999,27038,Supermarket Type1,0.41
643,498,501,904,1139,47,16,99999,15464,Supermarket Type1,0.22
743,493,587,1058,1303,55,16,99999,138494,Supermarket Type3,0.89
643,515,542,924,1097,71,16,99999,4286,Supermarket Type1,0.08
664,465,511,872,1132,83,16,99999,77230,Supermarket Type1,0.49
664,395,491,914,1067,1,17,99999,67103,Supermarket Type1,0.35
874,571,675,1240,1444,37,17,99999,105160,Supermarket Type3,0.66
631,419,466,826,1007,39,17,99999,16561,Supermarket Type3,0.31
631,375,466,786,1052,55,17,99999,39561,Supermarket Type3,0.3
938,558,693,1373,1377,63,17,99999,50063,Grocery Store,0.57
631,419,532,786,927,65,17,99999,8457,Supermarket Type1,0.05
631,375,506,786,843,67,17,99999,19104,Supermarket Type1,0.31
631,419,521,787,843,71,17,99999,7331,Supermarket Type1,0.19
710,448,554,957,1008,73,17,99999,50486,Supermarket Type1,0.63
687,422,508,909,1020,77,17,99999,60218,Supermarket Type1,0.24
631,419,532,786,981,87,17,99999,12582,Supermarket Type1,0.24
906,540,686,1275,1538,91,17,99999,113449,Supermarket Type1,0.79
1171,697,879,1726,1805,93,17,99999,114736,Supermarket Type1,0.9
1093,812,922,1393,1624,97,17,99999,703462,Supermarket Type1,0.95
631,510,532,930,933,101,17,99999,16833,Supermarket Type2,0.27
714,425,557,923,1108,123,17,99999,12640,Supermarket Type3,0.63
631,419,466,786,1031,125,17,99999,14666,Supermarket Type1,0.27
730,464,574,955,1006,129,17,99999,12705,Supermarket Type1,0.64
816,533,633,1063,1206,133,17,99999,32957,Supermarket Type1,0.8
714,425,557,923,1108,143,17,99999,186494,Grocery Store,0.77
631,419,532,786,843,153,17,99999,6161,Supermarket Type3,0.14
631,419,480,875,1046,171,17,99999,5355,Grocery Store,0.13
714,425,557,923,1108,175,17,99999,5994,Supermarket Type2,0.6
631,419,474,816,927,189,17,99999,14716,Supermarket Type1,0.16
631,417,532,790,864,193,17,99999,14665,Supermarket Type1,0.26
635,461,496,791,878,195,17,99999,58498,Supermarket Type3,0.28
714,425,557,923,1108,203,17,99999,38664,Supermarket Type3,0.6
643,419,475,801,1137,17,18,99999,38966,Supermarket Type1,0.45
643,419,475,801,913,25,18,99999,10713,Supermarket Type1,0.14
643,419,475,923,926,27,18,99999,31648,Supermarket Type1,0.31
706,420,522,892,943,31,18,99999,25740,Supermarket Type1,0.52
659,456,492,844,881,41,18,99999,24277,Supermarket Type1,0.21
737,507,592,1020,1154,43,18,99999,74578,Supermarket Type1,0.88
769,463,579,1065,1173,47,18,99999,23087,Supermarket Type2,0.55
737,507,592,1020,1154,61,18,99999,39364,Supermarket Type1,0.83
792,516,637,1056,1232,63,18,99999,145448,Supermarket Type1,0.98
647,402,486,830,865,69,18,99999,37124,Supermarket Type3,0.19
643,383,498,878,916,77,18,99999,32428,Supermarket Type1,0.25
792,516,637,1056,1232,81,18,99999,139654,Supermarket Type1,0.9
643,383,475,801,880,87,18,99999,37128,Supermarket Type2,0.46
726,462,537,961,970,91,18,99999,111467,Supermarket Type1,0.91
823,604,659,1148,1458,105,18,99999,137974,Supermarket Type1,0.67
805,479,646,1008,1076,111,18,99999,14244,Grocery Store,0.56
769,463,579,1065,1173,115,18,99999,6128,Supermarket Type1,0.47
643,383,478,835,859,131,18,99999,13402,Supermarket Type1,0.3
666,434,492,914,1013,143,18,99999,24181,Supermarket Type1,0.28
643,383,475,801,859,147,18,99999,20952,Supermarket Type1,0.31
644,520,543,946,949,153,18,99999,21475,Supermarket Type2,0.28
721,520,558,918,1003,163,18,99999,179703,Supermarket Type1,0.85
691,519,541,912,1027,177,18,99999,68917,Supermarket Type3,0.37
612,415,452,853,856,1,19,99999,7682,Supermarket Type2,0.32
593,435,438,752,792,7,19,99999,12887,Grocery Store,0.14
674,463,537,895,1194,13,19,99999,131090,Supermarket Type1,0.91
593,443,446,768,962,19,19,99999,20958,Supermarket Type1,0.14
787,528,634,1095,1167,49,19,99999,66135,Supermarket Type1,0.75
609,413,450,856,864,59,19,99999,16667,Supermarket Type2,0.23
593,402,458,835,838,67,19,99999,16303,Supermarket Type2,0.05
787,528,634,1095,1167,77,19,99999,10954,Supermarket Type1,0.51
807,480,642,1082,1202,85,19,99999,14928,Supermarket Type1,0.69
593,402,438,836,839,91,19,99999,9815,Grocery Store,0.13
593,402,500,874,877,97,19,99999,19848,Supermarket Type1,0.08
681,461,508,848,910,101,19,99999,16843,Supermarket Type3,0.35
593,402,450,825,828,107,19,99999,10511,Supermarket Type1,0.12
593,402,494,739,1015,119,19,99999,11581,Supermarket Type3,0.11
641,449,521,827,911,127,19,99999,40648,Supermarket Type1,0.34
593,402,500,874,877,131,19,99999,10776,Supermarket Type1,0.09
593,440,482,859,862,141,19,99999,14398,Grocery Store,0.28
593,402,463,807,810,145,19,99999,15932,Grocery Store,0.23
637,432,506,882,886,149,19,99999,24986,Supermarket Type1,0.22
737,505,591,1043,1220,169,19,99999,89542,Grocery Store,0.7
609,413,450,763,890,171,19,99999,17767,Supermarket Type1,0.17
619,411,491,912,1042,183,19,99999,21704,Supermarket Type3,0.22
593,402,438,874,877,185,19,99999,6403,Supermarket Type2,0.11
634,412,473,900,903,17,20,99999,2790,Supermarket Type1,0.35
634,412,469,860,1020,21,20,99999,21603,Supermarket Type1,0.25
634,412,469,790,847,23,20,99999,2726,Supermarket Type1,0.19
634,412,523,825,1123,25,20,99999,2215,Supermarket Type1,0.35
641,417,489,856,860,35,20,99999,36311,Supermarket Type1,0.26
634,412,471,790,922,39,20,99999,2961,Supermarket Type1,0.25
634,412,469,790,1061,47,20,99999,3037,Supermarket Type1,0.14
634,451,469,884,956,51,20,99999,28452,Supermarket Type1,0.35
697,453,543,881,1181,55,20,99999,36776,Supermarket Type1,0.44
760,453,562,947,1209,59,20,99999,25992,Grocery Store,0.47
634,412,535,934,937,65,20,99999,2597,Supermarket Type1,0.04
634,412,481,934,1116,77,20,99999,6034,Supermarket Type1,0.2
701,417,528,990,1202,87,20,99999,19126,Supermarket Type3,0.79
891,559,719,1221,1360,91,20,99999,544179,Supermarket Type1,0.95
659,428,538,821,881,105,20,99999,3241,Supermarket Type3,0.22
634,506,509,854,999,125,20,99999,35471,Supermarket Type1,0.29
634,412,511,795,922,127,20,99999,5923,Supermarket Type3,0.2
634,412,469,841,847,133,20,99999,16512,Supermarket Type1,0.17
634,412,535,907,922,137,20,99999,5671,Supermarket Type1,0.26
634,412,535,925,929,141,20,99999,3858,Grocery Store,0.21
665,432,550,980,1178,143,20,99999,6091,Grocery Store,0.48
650,422,480,810,869,151,20,99999,9656,Supermarket Type1,0.25
634,412,469,790,847,157,20,99999,4980,Supermarket Type3,0.62
701,417,528,990,1202,177,20,99999,177934,Supermarket Type1,0.89
634,412,506,934,937,183,20,99999,3853,Supermarket Type1,0.16
639,469,472,850,1132,191,20,99999,24132,Grocery Store,0.21
558,419,471,822,825,3,21,99999,19956,Supermarket Type2,0.12
666,527,530,829,965,5,21,99999,21421,Supermarket Type1,0.36
558,410,412,765,913,7,21,99999,8249,Supermarket Type1,0.28
566,416,418,793,894,9,21,99999,42173,Supermarket Type1,0.33
558,419,469,822,825,11,21,99999,11591,Grocery Store,0.25
558,344,447,783,786,13,21,99999,28691,Supermarket Type2,0.28
769,463,579,1065,1173,15,21,99999,118811,Supermarket Type2,0.73
769,463,579,1065,1173,23,21,99999,8488,Supermarket Type1,0.58
558,419,471,822,988,31,21,99999,12690,Supermarket Type1,0.11
625,462,520,892,896,35,21,99999,37191,Supermarket Type3,0.39
769,463,579,1065,1173,37,21,99999,90336,Supermarket Type1,0.63
558,419,471,780,988,43,21,99999,27720,Supermarket Type1,0.21
781,525,599,1035,1122,47,21,99999,73955,Grocery Store,0.82
776,508,593,1105,1237,67,21,99999,295803,Supermarket Type1,0.93
672,414,549,990,994,73,21,99999,49285,Supermarket Type2,0.41
558,419,471,822,825,75,21,99999,6813,Supermarket Type1,0.19
737,507,592,1020,1154,111,21,99999,741096,Supermarket Type1,0.64
744,560,564,1096,1318,123,21,99999,14193,Supermarket Type1,0.54
558,419,456,695,746,133,21,99999,24519,Supermarket Type1,0.15
667,457,493,856,891,157,21,99999,31448,Supermarket Type1,0.17
568,417,420,801,804,161,21,99999,17490,Supermarket Type1,0.3
558,419,471,714,782,165,21,99999,6306,Supermarket Type1,0.16
769,463,579,1065,1173,191,21,99999,14877,Supermarket Type1,0.58
558,419,471,695,746,193,21,99999,28712,Supermarket Type1,0.29
572,441,444,793,894,199,21,99999,63063,Supermarket Type1,0.29
623,457,460,776,873,201,21,99999,2282,Supermarket Type1,0.21
737,507,592,1020,1154,215,21,99999,17061,Supermarket Type1,0.9
628,472,530,851,855,229,21,99999,11717,Grocery Store,0.35
776,508,593,1105,1237,239,21,99999,24939,Supermarket Type1,0.8
627,484,487,843,846,1,22,99999,61773,Supermarket Type1,0.39
627,493,525,887,890,3,22,99999,25764,Supermarket Type1,0.18
842,604,677,1049,1148,15,22,99999,116979,Supermarket Type1,0.89
712,536,565,949,1162,23,22,99999,6839,Supermarket Type3,0.26
627,493,529,924,1111,27,22,99999,17195,Supermarket Type1,0.25
797,548,669,993,1144,37,22,99999,20267,Supermarket Type1,0.57
950,648,767,1192,1443,51,22,99999,432552,Supermarket Type1,0.9
627,466,469,781,1025,67,22,99999,27979,Supermarket Type1,0.32
950,648,767,1192,1443,71,22,99999,343829,Supermarket Type1,0.93
680,549,559,922,1058,79,22,99999,131613,Supermarket Type3,0.8
627,506,514,781,1111,85,22,99999,24233,Supermarket Type1,0.19
950,648,767,1192,1443,87,22,99999,35897,Supermarket Type1,0.88
950,648,767,1192,1443,89,22,99999,52780,Supermarket Type1,0.89
797,548,669,993,1144,91,22,99999,11203,Grocery Store,0.59
627,421,463,786,838,97,22,99999,83384,Supermarket Type1,0.39
754,477,636,989,1223,99,22,99999,52160,Supermarket Type1,0.7
639,476,479,897,960,101,22,99999,54650,Grocery Store,0.41
832,547,702,1051,1231,105,22,99999,121097,Supermarket Type1,0.85
660,519,557,963,1128,113,22,99999,57999,Supermarket Type1,0.5
627,493,507,822,838,119,22,99999,41207,Supermarket Type1,0.23
797,548,669,993,1144,125,22,99999,15625,Supermarket Type2,0.55
772,499,591,973,1033,1,23,40035,9009,Supermarket Type1,0.83
772,499,591,973,1033,1,23,46160,2607,Supermarket Type1,0.83
772,499,591,973,1033,1,23,77800,5734,Grocery Store,0.67
679,548,564,860,942,3,23,800,239,Supermarket Type1,0.12
679,548,564,860,942,3,23,19420,864,Supermarket Type1,0.14
679,548,564,860,942,3,23,25615,3496,Supermarket Type1,0.03
679,548,564,860,942,3,23,26735,1087,Supermarket Type1,0.05
679,548,564,860,942,3,23,30725,118,Supermarket Type1,0.04
679,548,564,860,942,3,23,33385,1309,Grocery Store,0.17
679,548,564,860,942,3,23,33980,6123,Supermarket Type1,0.06
679,548,564,860,942,3,23,39300,2314,Supermarket Type1,0.02
679,548,564,860,942,3,23,42450,79,Supermarket Type1,0.15
679,548,564,860,942,3,23,48120,46,Supermarket Type1,0.07
679,548,564,860,942,3,23,54385,737,Supermarket Type1,0.03
679,548,564,860,942,3,23,60825,9692,Supermarket Type1,0.09
679,548,564,860,942,3,23,62400,161,Supermarket Type1,0.06
679,548,564,860,942,3,23,65200,267,Supermarket Type1,0.04
679,548,564,860,942,3,23,78570,2171,Supermarket Type3,0.08
679,548,564,860,942,3,23,79270,283,Supermarket Type1,0.01
679,548,564,860,942,3,23,83785,228,Supermarket Type1,0.01
679,548,564,860,942,3,23,86865,224,Grocery Store,0.18
932,559,703,1333,1588,5,23,2655,1525,Supermarket Type1,0.84
1074,730,869,1421,1492,5,23,24495,11185,Supermarket Type1,0.99
1074,730,869,1421,1492,5,23,26525,7879,Supermarket Type1,0.99
1074,730,869,1421,1492,5,23,61945,4436,Grocery Store,0.98
1074,730,869,1421,1492,5,23,71990,25002,Supermarket Type2,0.95
709,573,598,883,1256,7,23,2235,461,Supermarket Type1,0.26
709,573,598,883,1256,7,23,12595,1352,Supermarket Type1,0.24
709,573,598,883,1256,7,23,61875,189,Supermarket Type1,0.17
709,573,598,883,1256,7,23,81300,419,Grocery Store,0.27
709,573,598,883,1256,7,23,85850,4116,Supermarket Type3,0.12
848,588,666,1116,1133,9,23,7800,824,Supermarket Type1,0.09
848,588,666,1116,1133,9,23,11265,1366,Supermarket Type1,0.06
848,588,666,1116,1133,9,23,23200,7741,Supermarket Type1,0.36
848,588,666,1116,1133,9,23,30970,2394,Supermarket Type1,0
848,588,666,1116,1133,9,23,43475,0,Supermarket Type2,0.09
848,588,666,1116,1133,9,23,55505,2225,Supermarket Type1,0.14
848,588,666,1116,1133,9,23,55855,67,Supermarket Type1,0.2
848,588,666,1116,1133,9,23,55890,672,Supermarket Type2,0.35
848,588,666,1116,1133,9,23,74580,1043,Supermarket Type1,0.2
848,588,666,1116,1133,9,23,74965,1236,Supermarket Type1,0.24
848,588,666,1116,1133,9,23,75280,1466,Supermarket Type3,0.16
848,588,666,1116,1133,9,23,75455,332,Supermarket Type1,0.11
848,588,666,1116,1133,9,23,77345,1563,Grocery Store,0.11
848,588,666,1116,1133,9,23,77415,1481,Supermarket Type1,0.22
766,518,599,961,1024,11,23,590,2041,Supermarket Type1,0.48
766,518,599,961,1024,11,23,4020,3189,Supermarket Type3,0.59
766,518,599,961,1024,11,23,27085,5800,Supermarket Type1,0.09
766,518,599,961,1024,11,23,40175,3624,Supermarket Type1,0.13
766,518,599,961,1024,11,23,47770,1640,Supermarket Type1,0.21
766,518,599,961,1024,11,23,59110,2666,Supermarket Type1,0.16
766,518,599,961,1024,11,23,78190,43,Supermarket Type2,0.04
766,518,599,961,1024,11,23,78745,4340,Supermarket Type2,0.02
766,518,599,961,1024,11,23,79025,570,Supermarket Type1,0.06
766,518,599,961,1024,11,23,80880,1189,Supermarket Type1,0.05
766,518,599,961,1024,11,23,86165,2575,Grocery Store,0.06
766,518,599,961,1024,11,23,86970,6092,Supermarket Type1,0.07
922,743,748,1182,1232,13,23,1465,1316,Supermarket Type1,0.39
922,743,748,1182,1232,13,23,63590,7297,Supermarket Type1,0.49
922,743,748,1182,1232,13,23,63660,3330,Supermarket Type1,0.11
847,504,672,1055,1132,15,23,6855,806,Supermarket Type2,0.06
847,504,672,1055,1132,15,23,18475,1672,Supermarket Type1,0.17
847,504,672,1055,1132,15,23,35695,2427,Supermarket Type2,0.09
847,504,672,1055,1132,15,23,46335,69,Supermarket Type1,0.06
847,504,672,1055,1132,15,23,84135,718,Supermarket Type1,0.02
689,515,547,930,1204,17,23,8710,2009,Supermarket Type1,0.15
689,515,547,930,1204,17,23,10005,990,Supermarket Type1,0.06
689,515,547,930,1204,17,23,26910,3449,Supermarket Type1,0.19
689,515,547,930,1204,17,23,39422,45,Supermarket Type1,0.01
689,515,547,930,1204,17,23,49275,329,Supermarket Type2,0.13
689,515,547,930,1204,17,23,56625,5183,Grocery Store,0.04
689,515,547,930,1204,17,23,60405,1498,Supermarket Type3,0.01
689,515,547,930,1204,17,23,74510,236,Supermarket Type1,0.21
689,515,547,930,1204,17,23,83890,1812,Supermarket Type1,0.06
689,515,547,930,1204,17,23,87355,1277,Supermarket Type1,0.06
666,448,562,932,1077,19,23,1115,890,Supermarket Type1,0.94
666,448,562,932,1077,19,23,6575,1290,Supermarket Type1,0.95
666,448,562,932,1077,19,23,6680,1492,Supermarket Type1,0.94
666,448,562,932,1077,19,23,9200,363,Supermarket Type1,0.93
666,448,562,932,1077,19,23,10670,2794,Supermarket Type1,0.89
666,448,562,932,1077,19,23,10810,153,Supermarket Type1,0.87
666,448,562,932,1077,19,23,13365,921,Grocery Store,0.97
666,448,562,932,1077,19,23,14310,2198,Supermarket Type1,0.89
666,448,562,932,1077,19,23,19868,343,Supermarket Type2,0.76
833,571,660,1037,1205,19,23,22535,2225,Supermarket Type1,0.85
666,448,562,932,1077,19,23,22710,131,Grocery Store,0.81
666,448,562,932,1077,19,23,34190,1241,Supermarket Type1,0.93
833,571,660,1037,1205,19,23,36325,1348,Supermarket Type1,0.88
666,448,562,932,1077,19,23,37075,174,Supermarket Type1,0.8
666,448,562,932,1077,19,23,38005,105,Supermarket Type2,0.74
666,448,562,932,1077,19,23,38705,2851,Supermarket Type2,0.84
666,448,562,932,1077,19,23,39475,5085,Supermarket Type1,0.85
666,448,562,932,1077,19,23,48505,1551,Supermarket Type1,0.94
666,448,562,932,1077,19,23,49065,3275,Supermarket Type2,0.88
666,448,562,932,1077,19,23,86305,407,Grocery Store,0.97
657,491,554,852,900,21,23,3740,122,Supermarket Type3,0.1
657,491,554,852,900,21,23,18195,4213,Supermarket Type1,0.12
657,491,554,852,900,21,23,29535,1646,Supermarket Type1,0.09
657,491,554,852,900,21,23,37095,28,Supermarket Type1,0.02
657,491,554,852,900,21,23,46580,686,Grocery Store,0.02
657,491,554,852,900,21,23,56765,843,Supermarket Type1,0.02
657,491,554,852,900,21,23,66950,630,Supermarket Type1,0.07
873,693,736,1132,1425,23,23,6260,3061,Supermarket Type1,0.62
873,693,736,1132,1425,23,23,6365,2889,Supermarket Type1,0.62
873,693,736,1132,1425,23,23,58515,2216,Supermarket Type1,0.53
746,599,627,1015,1019,25,23,5000,922,Supermarket Type1,0.26
746,599,627,1015,1019,25,23,7380,70,Supermarket Type1,0.06
746,599,627,1015,1019,25,23,9655,462,Supermarket Type1,0.03
746,599,627,1015,1019,25,23,23410,939,Supermarket Type1,0.23
746,599,627,1015,1019,25,23,24320,6735,Supermarket Type1,0.18
746,599,627,1015,1019,25,23,31355,939,Supermarket Type1,0.19
746,599,627,1015,1019,25,23,31740,1782,Supermarket Type1,0.1
746,599,627,1015,1019,25,23,35345,862,Supermarket Type1,0.25
746,599,627,1015,1019,25,23,42660,4855,Supermarket Type1,0.13
746,599,627,1015,1019,25,23,45110,664,Supermarket Type1,0.07
746,599,627,1015,1019,25,23,47455,512,Grocery Store,0.03
746,599,627,1015,1019,25,23,49835,3367,Grocery Store,0.04
746,599,627,1015,1019,25,23,53636,62,Supermarket Type1,0.01
746,599,627,1015,1019,25,23,64850,2005,Supermarket Type1,0.03
746,599,627,1015,1019,25,23,82840,60,Supermarket Type1,0.01
794,559,670,1081,1150,27,23,9270,1164,Supermarket Type1,0.14
794,559,670,1081,1150,27,23,47245,884,Supermarket Type1,0.06
794,559,670,1081,1150,27,23,86760,3757,Supermarket Type1,0.22
681,520,572,868,1053,29,23,3670,508,Supermarket Type1,0.15
681,520,572,868,1053,29,23,9585,3123,Supermarket Type1,0.4
681,520,572,868,1053,29,23,11755,13683.5,Supermarket Type1,0.36
681,520,572,868,1053,29,23,31530,1004,Supermarket Type1,0.08
681,520,572,868,1053,29,23,35905,583,Supermarket Type1,0.05
681,520,572,868,1053,29,23,41610,1359,Supermarket Type1,0.09
681,520,572,868,1053,29,23,41960,2221,Supermarket Type1,0.18
681,520,572,868,1053,29,23,53500,499,Supermarket Type1,0.07
681,520,572,868,1053,29,23,57090,749,Supermarket Type1,0.02
681,520,572,868,1053,29,23,61035,832,Supermarket Type1,0.02
681,520,572,868,1053,29,23,63275,574,Supermarket Type1,0.01
681,520,572,868,1053,29,23,75770,64,Supermarket Type2,0.04
681,520,572,868,1053,29,23,79375,101,Supermarket Type1,0.02
1074,730,869,1421,1492,31,23,9410,8034,Supermarket Type1,0.97
917,627,724,1245,1289,31,23,16725,1965,Supermarket Type1,0.9
917,627,724,1245,1289,31,23,48750,1522,Supermarket Type1,0.88
917,627,724,1245,1289,31,23,50325,4576,Supermarket Type1,0.81
917,627,724,1245,1289,31,23,56870,1898,Supermarket Type3,0.85
643,459,542,875,997,1,24,99999,75087,Grocery Store,0.34
1232,833,985,1574,1713,5,24,99999,805029,Grocery Store,0.9
841,617,622,1120,1257,11,24,99999,33066,Supermarket Type1,0.47
1458,1167,1230,1951,2451,21,24,99999,233385,Supermarket Type1,0.85
1232,833,985,1574,1713,25,24,99999,244826,Supermarket Type1,0.96
1567,1055,1316,2008,2202,28,24,99999,99615,Supermarket Type1,0.84
698,415,589,878,965,39,24,99999,26470,Supermarket Type1,0.41
857,545,662,1186,1203,43,24,99999,147430,Supermarket Type1,0.88
1234,825,920,1614,1695,1,25,7980,9820,Supermarket Type1,0.73
836,675,705,1059,1291,3,25,4545,1779,Supermarket Type1,0.98
839,550,708,1045,1178,3,25,13345,3235,Supermarket Type2,0.61
839,550,708,1045,1178,3,25,30315,2032,Supermarket Type1,0.57
839,550,708,1045,1178,3,25,34970,5025,Supermarket Type1,0.79
836,675,705,1059,1291,3,25,43300,167,Supermarket Type1,0.99
836,675,705,1059,1291,3,25,45420,1509,Supermarket Type1,1
836,675,705,1059,1291,3,25,46225,13708,Supermarket Type2,0.94
844,673,712,1051,1128,5,25,16425,34032,Supermarket Type2,0.9
944,686,773,1176,1407,5,25,46575,28712,Supermarket Type1,0.91
1295,770,957,1682,1731,7,25,13800,866,Grocery Store,0.35
1295,770,957,1682,1731,7,25,50390,4527,Supermarket Type1,0.36
1295,770,957,1682,1731,7,25,78235,2740,Supermarket Type1,0.25
1494,1071,1196,1861,2023,9,25,1185,16283,Supermarket Type1,0.96
1168,798,910,1455,1561,9,25,1465,33201,Supermarket Type1,0.88
1494,1071,1196,1861,2023,9,25,21850,3504,Supermarket Type3,0.56
1168,798,910,1455,1561,9,25,29405,60879,Supermarket Type1,0.71
1494,1071,1196,1861,2023,9,25,37560,11596,Supermarket Type1,0.92
1168,798,910,1455,1561,9,25,46365,28352,Supermarket Type1,0.82
1494,1071,1196,1861,2023,9,25,58405,5856,Supermarket Type3,0.67
927,678,732,1199,1461,11,25,21780,1800,Supermarket Type2,0.9
927,678,732,1199,1461,11,25,27025,17456,Grocery Store,0.74
927,678,732,1199,1461,11,25,29475,337,Supermarket Type1,0.98
927,678,732,1199,1461,11,25,35285,711,Supermarket Type3,0.98
927,678,732,1199,1461,11,25,42040,121,Supermarket Type1,0.97
927,678,732,1199,1461,11,25,47835,3032,Supermarket Type1,0.82
924,616,739,1154,1314,13,25,26675,1566,Supermarket Type1,0.9
924,616,739,1154,1314,13,25,42530,838,Supermarket Type1,0.89
924,616,739,1154,1314,13,25,72390,1838,Supermarket Type1,0.85
924,616,739,1154,1314,13,25,79740,14219,Supermarket Type1,0.86
924,616,739,1154,1314,15,25,1325,37819,Grocery Store,0.82
924,616,739,1154,1314,15,25,4825,14649,Supermarket Type2,0.91
924,616,739,1154,1314,15,25,26290,1054,Supermarket Type1,0.92
924,616,739,1154,1314,15,25,40990,521,Grocery Store,0.85
924,616,739,1154,1314,15,25,52560,1321,Supermarket Type1,0.98
924,616,739,1154,1314,15,25,64145,17514,Supermarket Type1,0.84
1494,1071,1196,1861,2023,17,25,1955,3074,Supermarket Type1,0.58
1494,1071,1196,1861,2023,17,25,4615,13320,Supermarket Type1,0.97
1109,750,864,1381,1627,17,25,13135,33802,Supermarket Type1,0.74
1109,750,864,1381,1627,17,25,17475,29457,Supermarket Type1,0.71
1494,1071,1196,1861,2023,17,25,61380,4119,Supermarket Type1,0.75
1494,1071,1196,1861,2023,17,25,67665,21437,Supermarket Type1,1
1494,1071,1196,1861,2023,17,25,80510,21374,Supermarket Type1,1
1494,1071,1196,1861,2023,21,25,9175,58732,Supermarket Type1,0.99
1494,1071,1196,1861,2023,21,25,16495,24729,Supermarket Type1,0.96
1494,1071,1196,1861,2023,21,25,39765,12024,Supermarket Type3,0.92
1494,1071,1196,1861,2023,21,25,55955,32112,Supermarket Type1,0.95
1494,1071,1196,1861,2023,21,25,74175,27982,Supermarket Type1,1
1133,862,867,1446,1531,23,25,170,15985,Supermarket Type2,0.98
1494,1071,1196,1861,2023,23,25,17895,15059,Supermarket Type2,0.94
1133,862,867,1446,1531,23,25,18455,13794,Supermarket Type1,1
1494,1071,1196,1861,2023,23,25,31645,10293,Supermarket Type1,0.91
1494,1071,1196,1861,2023,23,25,33220,12629,Supermarket Type1,0.97
1133,862,867,1446,1531,23,25,79530,14489,Supermarket Type1,0.99
1494,1071,1196,1861,2023,25,25,7000,617594,Supermarket Type1,0.86
1025,610,828,1277,1518,27,25,1885,6081,Supermarket Type1,0.79
1036,674,823,1290,1411,27,25,17300,8471,Supermarket Type3,0.82
1036,674,823,1290,1411,27,25,18560,2183,Supermarket Type1,0.66
1025,610,828,1277,1518,27,25,23875,40318,Supermarket Type2,0.82
1036,674,823,1290,1411,27,25,26430,17765,Supermarket Type2,0.76
1025,610,828,1277,1518,27,25,35075,40759,Supermarket Type1,0.87
1025,610,828,1277,1518,27,25,37420,10086,Supermarket Type1,0.86
1076,700,795,1340,1438,27,25,40255,5839,Supermarket Type1,0.71
1036,674,823,1290,1411,27,25,41340,13261,Supermarket Type1,0.98
1036,674,823,1290,1411,27,25,46820,14155,Supermarket Type1,0.98
1036,674,823,1290,1411,27,25,47135,4680,Supermarket Type1,0.8
1036,674,823,1290,1411,27,25,51825,13709,Supermarket Type1,0.94
1036,674,823,1290,1411,27,25,52420,4806,Supermarket Type1,0.75
816,531,688,1058,1445,27,25,53120,1234,Supermarket Type1,0.91
1036,674,823,1290,1411,27,25,61800,35608,Supermarket Type1,0.91
1076,700,795,1340,1438,27,25,63165,9767,Supermarket Type1,0.77
1036,674,823,1290,1411,27,25,63270,16719,Supermarket Type1,0.86
1076,700,795,1340,1438,27,25,71480,7542,Grocery Store,0.56
1036,674,823,1290,1411,27,25,71620,13457,Supermarket Type1,0.89
1036,674,823,1290,1411,27,25,73895,16767,Supermarket Type3,0.76
689,523,526,990,993,27,26,99999,52293,Supermarket Type1,0.29
648,452,479,820,1148,39,26,99999,14074,Supermarket Type1,0.34
643,482,486,948,1035,41,26,99999,37069,Supermarket Type2,0.22
764,553,565,976,1328,47,26,99999,32694,Supermarket Type1,0.37
643,465,475,801,917,61,26,99999,36628,Supermarket Type1,0.28
643,519,542,948,1139,69,26,99999,25887,Supermarket Type1,0.21
643,466,475,821,859,71,26,99999,11817,Supermarket Type1,0.13
643,448,497,914,928,95,26,99999,6631,Supermarket Type1,0.13
803,615,619,1183,1301,111,26,99999,83629,Supermarket Type1,0.45
643,448,542,908,911,113,26,99999,14849,Supermarket Type3,0.13
643,486,490,815,1047,127,26,99999,26570,Grocery Store,0.24
643,501,504,851,921,131,26,99999,6780,Supermarket Type1,0.17
692,482,511,862,925,135,26,99999,8640,Supermarket Type1,0.23
663,462,490,933,1004,137,26,99999,24164,Supermarket Type1,0.27
699,419,556,931,1072,145,26,99999,200169,Supermarket Type1,0.8
846,510,648,1128,1233,147,26,99999,163040,Supermarket Type3,0.74
643,448,475,839,938,151,26,99999,43114,Grocery Store,0.35
728,472,573,958,1166,159,26,99999,76258,Supermarket Type1,0.55
643,428,517,849,859,5,27,99999,32504,Supermarket Type3,0.29
755,478,574,984,1096,17,27,99999,35386,Grocery Store,0.52
643,428,542,948,951,23,27,99999,12441,Supermarket Type1,0.14
643,428,506,948,951,43,27,99999,14553,Supermarket Type1,0.05
643,428,475,801,859,47,27,99999,31255,Supermarket Type1,0.18
728,433,542,1012,1232,55,27,99999,19027,Supermarket Type1,0.41
643,418,475,937,1088,57,27,99999,20428,Supermarket Type1,0.08
643,428,499,917,1082,63,27,99999,10266,Supermarket Type1,0.09
643,428,475,801,936,71,27,99999,13311,Supermarket Type1,0.13
651,433,481,811,948,77,27,99999,4045,Supermarket Type1,0.29
651,433,481,813,1067,79,27,99999,27703,Supermarket Type1,0.33
643,482,487,948,951,83,27,99999,25857,Supermarket Type1,0.17
643,383,475,801,1139,113,27,99999,13930,Supermarket Type2,0.27
772,514,599,1012,1165,115,27,99999,29750,Supermarket Type1,0.7
643,428,542,946,1042,117,27,99999,9596,Supermarket Type1,0.07
996,641,796,1403,1656,123,27,99999,508640,Supermarket Type1,0.88
643,428,475,865,1139,127,27,99999,16059,Supermarket Type3,0.12
643,472,475,801,861,133,27,99999,9687,Supermarket Type1,0.09
755,478,574,984,1096,137,27,99999,200226,Supermarket Type1,0.95
643,509,513,801,859,149,27,99999,9726,Supermarket Type1,0.21
643,428,475,801,859,155,27,99999,3558,Supermarket Type1,0.09
643,512,516,948,1007,157,27,99999,21676,Supermarket Type1,0.15
643,428,475,948,1139,161,27,99999,19136,Supermarket Type1,0.13
996,641,796,1403,1656,163,27,99999,238136,Supermarket Type1,0.75
643,428,479,948,951,165,27,99999,11211,Supermarket Type1,0.22
643,428,485,865,936,167,27,99999,6576,Supermarket Type1,0.11
643,428,484,946,1118,173,27,99999,10438,Supermarket Type1,0.22
620,422,523,846,1021,5,28,99999,13131,Supermarket Type1,0.23
620,422,523,797,829,9,28,99999,8729,Supermarket Type1,0.24
620,422,510,887,890,15,28,99999,10597,Supermarket Type1,0.2
620,422,523,819,829,21,28,99999,9604,Supermarket Type1,0.23
673,458,497,838,899,25,28,99999,20634,Supermarket Type3,0.22
780,464,646,971,1067,29,28,99999,29449,Supermarket Type3,0.51
744,589,593,1022,1029,39,28,99999,22578,Supermarket Type1,0.4
620,422,523,914,917,57,28,99999,23401,Supermarket Type2,0.21
620,422,458,838,841,63,28,99999,7726,Supermarket Type2,0.18
632,430,467,787,845,69,28,99999,10456,Supermarket Type1,0.11
739,546,577,990,1041,73,28,99999,55658,Supermarket Type1,0.72
624,504,516,777,845,83,28,99999,32317,Supermarket Type1,0.11
633,416,534,886,889,87,28,99999,59779,Supermarket Type1,0.17
628,428,519,845,971,99,28,99999,29676,Supermarket Type1,0.39
654,445,483,915,1158,101,28,99999,21720,Supermarket Type1,0.23
620,422,523,914,917,103,28,99999,11545,Grocery Store,0.21
620,422,523,824,921,139,28,99999,22232,Supermarket Type1,0.27
620,422,458,772,829,157,28,99999,9878,Supermarket Type1,0.12
620,422,510,896,899,159,28,99999,19198,Supermarket Type1,0.33
623,411,460,918,921,15,29,99999,19056,Supermarket Type3,0.22
891,559,719,1221,1360,25,29,99999,9424,Supermarket Type1,0.77
604,359,467,788,933,45,29,99999,7139,Supermarket Type1,0.19
604,359,446,841,869,51,29,99999,75990,Supermarket Type1,0.54
618,408,473,911,987,53,29,99999,17601,Grocery Store,0.18
604,399,453,890,933,61,29,99999,8433,Supermarket Type1,0.14
604,443,446,890,893,69,29,99999,31953,Supermarket Type1,0.31
604,421,446,752,807,85,29,99999,9627,Supermarket Type1,0.02
604,399,509,805,1070,93,29,99999,10630,Supermarket Type1,0.19
604,399,509,834,966,105,29,99999,35571,Supermarket Type1,0.25
891,559,719,1221,1360,107,29,99999,33381,Supermarket Type1,0.95
816,533,633,1063,1206,113,29,99999,52566,Supermarket Type1,0.54
604,447,450,890,915,119,29,99999,23083,Supermarket Type1,0.22
657,434,486,924,1070,157,29,99999,18971,Supermarket Type1,0.25
604,411,446,861,1070,167,29,99999,31137,Supermarket Type3,0.28
604,399,446,752,933,171,29,99999,4979,Supermarket Type2,0
604,359,446,752,933,203,29,99999,8441,Supermarket Type1,0.08
654,497,527,815,1158,213,29,99999,51675,Supermarket Type1,0.35
643,469,542,912,915,3,30,99999,12865,Supermarket Type1,0.19
730,533,540,909,976,5,30,99999,6491,Supermarket Type1,0.19
801,585,592,998,1270,7,30,99999,5612,Grocery Store,0.47
643,469,542,948,961,15,30,99999,5813,Supermarket Type1,0.27
643,469,496,903,1019,33,30,99999,1206,Supermarket Type1,0.18
819,598,605,1020,1095,43,30,99999,11406,Supermarket Type1,0.27
675,402,569,870,1130,47,30,99999,28746,Supermarket Type1,0.29
643,469,496,948,1139,55,30,99999,1734,Supermarket Type1,0.4
780,569,658,971,1042,57,30,99999,7691,Supermarket Type1,0.22
643,469,534,889,892,61,30,99999,4223,Supermarket Type1,0.1
885,646,682,1304,1403,75,30,99999,1743,Supermarket Type1,0.44
643,469,542,801,1122,77,30,99999,7027,Supermarket Type1,0.12
758,559,563,1117,1121,81,30,99999,40212,Supermarket Type1,0.23
643,469,542,824,1139,83,30,99999,9746,Supermarket Type1,0.18
643,384,479,818,921,89,30,99999,11413,Supermarket Type1,0.26
696,511,514,867,1019,93,30,99999,34200,Grocery Store,0.36
706,515,595,1040,1250,97,30,99999,3651,Supermarket Type3,0.39
643,469,542,890,894,105,30,99999,7369,Supermarket Type3,0.06
643,469,496,903,1019,109,30,99999,1017,Supermarket Type1,0.15
607,409,512,788,811,3,31,99999,6685,Supermarket Type1,0.11
607,409,512,756,811,11,31,99999,5505,Grocery Store,0.23
607,409,466,796,844,13,31,99999,11308,Supermarket Type1,0.19
667,413,493,900,1150,19,31,99999,46102,Supermarket Type1,0.33
807,480,642,1082,1202,25,31,99999,25241,Supermarket Type1,0.55
607,409,449,756,823,39,31,99999,9139,Grocery Store,0.15
607,409,512,894,1075,41,31,99999,10939,Supermarket Type3,0.21
607,409,449,756,811,47,31,99999,24326,Supermarket Type1,0.21
708,421,550,929,1045,51,31,99999,6000,Supermarket Type1,0.51
662,394,502,870,885,53,31,99999,36691,Supermarket Type1,0.26
807,480,642,1082,1202,55,31,99999,517110,Supermarket Type1,0.76
607,409,449,756,811,63,31,99999,2756,Supermarket Type1,0.02
607,409,449,756,830,65,31,99999,4959,Supermarket Type1,0.04
607,409,455,894,947,77,31,99999,2538,Supermarket Type1,0.06
638,430,472,795,853,97,31,99999,5217,Supermarket Type2,0.15
653,388,483,813,931,111,31,99999,36288,Grocery Store,0.4
607,409,455,756,830,113,31,99999,763,Supermarket Type2,0.01
607,409,455,756,830,117,31,99999,539,Supermarket Type1,0
637,429,477,822,1021,119,31,99999,34876,Supermarket Type1,0.38
607,409,463,894,1075,131,31,99999,15740,Supermarket Type1,0.21
607,409,455,756,952,135,31,99999,2970,Supermarket Type1,0
607,409,512,756,1075,137,31,99999,9188,Supermarket Type1,0.14
807,480,642,1082,1202,153,31,99999,158840,Supermarket Type1,0.84
607,409,449,756,830,175,31,99999,4260,Supermarket Type1,0.04
607,409,512,894,1075,181,31,99999,3812,Supermarket Type2,0.17
942,566,762,1388,1668,5,32,99999,46997,Supermarket Type1,0.58
643,383,475,903,1032,9,32,99999,783,Grocery Store,0.26
736,439,544,1052,1181,13,32,99999,16528,Supermarket Type1,0.37
704,420,594,918,1130,15,32,99999,5775,Supermarket Type1,0.49
643,383,542,801,1032,21,32,99999,4772,Supermarket Type1,0.08
993,729,734,1413,1418,1,33,3220,4593,Supermarket Type1,0.13
993,729,734,1413,1418,1,33,10660,1096,Supermarket Type2,0.3
993,729,734,1413,1418,1,33,28740,7126,Supermarket Type1,0.08
993,729,734,1413,1418,1,33,28980,3777,Supermarket Type1,0.14
993,729,734,1413,1418,1,33,77060,3567,Supermarket Type1,0.11
1019,707,786,1418,1424,3,33,45060,2502,Supermarket Type1,0.03
1019,707,786,1418,1424,3,33,67780,1326,Supermarket Type3,0.1
1019,707,786,1418,1424,3,33,77620,2387,Supermarket Type1,0.01
1048,662,794,1305,1707,5,33,19140,1597,Supermarket Type1,0.03
1048,662,794,1305,1707,5,33,34420,961,Grocery Store,0.21
1048,662,794,1305,1707,5,33,39300,23409,Supermarket Type3,0.41
1048,662,794,1305,1707,5,33,50580,729,Supermarket Type1,0.01
1048,662,794,1305,1707,5,33,64420,1155,Supermarket Type2,0.03
1048,662,794,1305,1707,5,33,75300,732,Supermarket Type1,0
709,573,598,946,1134,7,33,10100,763,Supermarket Type2,0.18
709,573,598,946,1134,7,33,16660,0,Supermarket Type1,0.17
709,573,598,946,1134,7,33,18340,1,Supermarket Type3,0.48
709,573,598,946,1134,7,33,18420,12,Supermarket Type1,0.26
709,573,598,946,1134,7,33,30260,2848,Supermarket Type1,0.11
709,573,598,946,1134,7,33,43620,0,Supermarket Type1,0.04
709,573,598,946,1134,7,33,48260,23,Supermarket Type3,0.34
709,573,598,946,1134,7,33,67860,3,Supermarket Type1,0.12
709,573,598,946,1134,7,33,68500,0,Supermarket Type1,0.09
709,573,598,946,1134,7,33,68980,372,Supermarket Type1,0.13
709,573,598,946,1134,7,33,73060,556,Supermarket Type1,0.05
709,573,598,946,1134,7,33,73380,1004,Supermarket Type1,0.05
709,573,598,946,1134,7,33,84420,2306,Supermarket Type1,0.1
1213,943,965,1523,1693,9,33,5460,2526,Supermarket Type1,0.02
1213,943,965,1523,1693,9,33,23860,83,Supermarket Type2,0.27
1213,943,965,1523,1693,9,33,30820,1340,Supermarket Type1,0.02
1213,943,965,1523,1693,9,33,41300,13151,Supermarket Type1,0.24
1213,943,965,1523,1693,9,33,42580,5928,Supermarket Type1,0.15
1213,943,965,1523,1693,9,33,44260,1716,Supermarket Type1,0.03
1213,943,965,1523,1693,9,33,58500,1237,Supermarket Type1,0.02
1213,943,965,1523,1693,9,33,65940,1480,Grocery Store,0.08
1213,943,965,1523,1693,9,33,76740,2490,Supermarket Type1,0.2
1213,943,965,1523,1693,9,33,78740,904,Supermarket Type1,0.21
924,724,767,1154,1322,11,33,27140,1562,Supermarket Type2,0.9
1074,639,846,1338,1515,11,33,29860,17651,Supermarket Type1,0.89
924,724,767,1154,1322,11,33,33700,1654,Supermarket Type1,0.97
1159,782,888,1558,1809,11,33,37940,24467,Supermarket Type1,0.83
1159,782,888,1558,1809,11,33,46260,1382,Supermarket Type1,0.79
1159,782,888,1558,1809,11,33,47540,25494,Supermarket Type1,0.86
1159,782,888,1558,1809,11,33,48020,15115,Supermarket Type1,0.84
1001,639,801,1320,1575,13,33,6500,7519,Supermarket Type1,0.51
1001,639,801,1320,1575,13,33,6980,1650,Supermarket Type1,0.07
1001,639,801,1320,1575,13,33,43380,5317,Grocery Store,0.08
1001,639,801,1320,1575,13,33,50900,2072,Supermarket Type3,0.12
1168,798,910,1455,1561,15,33,2340,6751,Grocery Store,0.85
1285,937,950,1764,1770,15,33,17460,4280,Supermarket Type2,0.74
1168,798,910,1455,1561,15,33,27940,4283,Supermarket Type1,0.99
1168,798,910,1455,1561,15,33,32900,8523,Supermarket Type1,0.81
1168,798,910,1455,1561,15,33,40100,6025,Supermarket Type1,0.92
1064,718,837,1458,1521,15,33,50980,968,Supermarket Type1,0.88
1064,718,837,1458,1521,15,33,51620,753,Supermarket Type1,0.86
1064,718,837,1458,1521,15,33,54580,4301,Grocery Store,0.94
1285,937,950,1764,1770,15,33,56820,4241,Supermarket Type1,0.52
1064,718,837,1458,1521,15,33,66180,5298,Supermarket Type3,0.86
1168,798,910,1455,1561,15,33,67620,5986,Supermarket Type3,0.74
1064,718,837,1458,1521,17,33,18820,29987,Supermarket Type1,0.89
1064,718,837,1458,1521,17,33,47700,1783,Supermarket Type1,0.99
1064,718,837,1458,1521,17,33,48660,4598,Supermarket Type1,0.94
1064,718,837,1458,1521,17,33,51220,2638,Supermarket Type1,0.97
998,718,819,1352,1375,19,33,11380,5114,Grocery Store,0.1
998,718,819,1352,1375,19,33,12900,13355,Grocery Store,0.31
998,718,819,1352,1375,19,33,15060,1640,Supermarket Type1,0.03
998,718,819,1352,1375,19,33,16340,764,Supermarket Type1,0.02
998,718,819,1352,1375,19,33,40900,688,Supermarket Type1,0.03
998,718,819,1352,1375,19,33,41700,1154,Supermarket Type2,0.13
998,718,819,1352,1375,19,33,62340,2364,Supermarket Type1,0.02
998,718,819,1352,1375,19,33,72740,1311,Supermarket Type1,0.08
998,718,819,1352,1375,19,33,75060,3365,Grocery Store,0.08
1176,817,947,1626,1890,1,34,99999,274549,Supermarket Type1,0.79
1122,668,833,1588,1671,9,34,99999,97265,Grocery Store,0.61
1156,814,959,1440,1546,15,34,99999,288288,Supermarket Type1,0.98
1315,1009,1109,1673,1847,17,34,99999,634266,Supermarket Type1,0.95
1495,952,1214,1940,2545,19,34,99999,128349,Supermarket Type1,0.8
1373,936,1106,1903,2239,25,34,99999,630380,Grocery Store,0.91
1269,1025,1063,1637,1871,27,34,99999,492276,Grocery Store,1
1373,936,1106,1903,2239,29,34,99999,576567,Supermarket Type2,0.9
1156,814,959,1440,1546,33,34,99999,66083,Supermarket Type3,0.86
1495,952,1214,1940,2545,35,34,99999,323444,Supermarket Type1,0.91
1269,1025,1063,1637,1871,37,34,99999,149265,Supermarket Type1,0.95
1124,687,921,1469,1638,41,34,99999,108692,Supermarket Type3,0.65
631,473,532,930,947,3,35,99999,3725,Supermarket Type1,0.23
631,425,466,891,1101,5,35,99999,65645,Supermarket Type1,0.24
631,466,469,922,1118,9,35,99999,48376,Supermarket Type1,0.22
631,473,532,930,947,11,35,99999,2022,Supermarket Type1,0.31
631,473,491,930,947,19,35,99999,4687,Supermarket Type1,0.23
1006,603,776,1315,1704,28,35,99999,17950,Supermarket Type1,0.49
631,473,531,910,913,29,35,99999,25095,Supermarket Type1,0.26
631,473,532,831,947,33,35,99999,4881,Supermarket Type1,0.18
638,380,524,843,873,47,35,99999,29393,Supermarket Type2,0.46
749,554,589,982,1172,11,36,99999,80026,Supermarket Type1,0.63
656,520,523,930,960,17,36,99999,50477,Grocery Store,0.25
845,589,662,1134,1223,19,36,99999,82128,Grocery Store,0.43
675,514,569,841,971,41,36,99999,4836,Supermarket Type1,0.15
714,551,561,946,1062,65,36,99999,234878,Supermarket Type3,0.68
867,585,712,1093,1168,69,36,99999,107931,Supermarket Type1,0.9
1188,837,966,1488,1588,71,36,99999,372813,Supermarket Type1,0.96
792,555,619,1039,1140,75,36,99999,122109,Supermarket Type1,0.9
777,539,612,1043,1129,89,36,99999,111944,Supermarket Type2,0.71
968,690,782,1206,1294,95,36,99999,32749,Supermarket Type1,0.69
712,486,601,1016,1020,99,36,99999,35251,Supermarket Type1,0.63
863,555,710,1159,1324,113,36,99999,65707,Supermarket Type3,0.8
632,441,482,787,845,9,37,99999,27281,Supermarket Type1,0.19
709,520,524,1045,1048,11,37,99999,17797,Grocery Store,0.24
632,511,533,827,1028,23,37,99999,90912,Supermarket Type2,0.21
808,643,647,1006,1216,29,37,99999,9980,Supermarket Type1,0.39
632,511,533,827,1028,35,37,99999,154358,Supermarket Type1,0.44
632,498,501,877,917,45,37,99999,98078,Grocery Store,0.5
761,453,562,987,1328,49,37,99999,103505,Supermarket Type1,0.63
883,622,653,1239,1480,55,37,99999,33920,Supermarket Type2,0.68
687,540,561,991,1046,59,37,99999,41240,Supermarket Type1,0.37
659,530,533,899,948,65,37,99999,56552,Supermarket Type1,0.31
632,464,467,793,845,79,37,99999,21362,Supermarket Type3,0.31
779,620,623,970,1041,95,37,99999,5810,Grocery Store,0.25
918,663,774,1189,1477,101,37,99999,168878,Supermarket Type1,0.75
632,464,467,789,1034,111,37,99999,44996,Supermarket Type3,0.26
847,639,685,1117,1274,129,37,99999,202667,Supermarket Type1,0.71
632,464,467,902,1106,137,37,99999,13144,Supermarket Type1,0.34
704,518,594,957,1080,151,37,99999,141752,Supermarket Type1,0.78
687,540,561,991,1046,169,37,99999,47401,Supermarket Type1,0.41
646,474,477,805,974,173,37,99999,13981,Supermarket Type1,0.26
637,452,471,830,1015,191,37,99999,122623,Supermarket Type1,0.52
687,540,561,991,1046,197,37,99999,38406,Supermarket Type3,0.45
632,474,477,795,845,199,37,99999,17818,Supermarket Type2,0.39
612,487,490,762,830,7,38,99999,783,Supermarket Type1,0.29
600,440,443,747,802,9,38,99999,6429,Supermarket Type2,0.11
645,521,544,950,954,11,38,99999,3151,Supermarket Type1,0.09
600,462,465,776,802,13,38,99999,1968,Supermarket Type1,0.09
600,485,506,884,887,27,38,99999,2385,Grocery Store,0.39
600,485,506,884,1001,29,38,99999,3550,Supermarket Type1,0.29
600,466,469,883,1063,31,38,99999,3343,Grocery Store,0.19
719,441,537,973,1173,35,38,99999,66861,Supermarket Type1,0.52
600,485,506,884,1063,39,38,99999,2420,Supermarket Type3,0.37
600,440,443,747,803,51,38,99999,2809,Grocery Store,0.09
1093,883,922,1361,1907,61,38,99999,7673,Supermarket Type3,0.62
600,485,506,836,839,63,38,99999,3126,Supermarket Type1,0.12
600,440,443,884,887,75,38,99999,2470,Supermarket Type2,0.09
600,485,506,884,966,79,38,99999,13937,Supermarket Type2,0.19
600,440,443,865,945,81,38,99999,3829,Supermarket Type1,0.05
741,599,625,1028,1032,89,38,99999,24199,Supermarket Type1,0.35
1142,812,866,1683,1752,101,38,99999,61675,Supermarket Type1,0.67
646,426,496,874,879,7,39,99999,101497,Supermarket Type1,0.66
634,481,509,814,847,13,39,99999,70400,Supermarket Type1,0.45
769,463,579,1065,1173,17,39,99999,368130,Supermarket Type1,0.64
634,413,519,934,1008,21,39,99999,40097,Supermarket Type3,0.26
680,463,522,896,982,23,39,99999,138333,Supermarket Type1,0.75
634,390,469,894,898,33,39,99999,43784,Supermarket Type1,0.2
811,501,624,1046,1209,41,39,99999,174214,Supermarket Type1,0.59
634,431,510,836,944,53,39,99999,30934,Supermarket Type2,0.37
764,502,603,1023,1057,55,39,99999,93389,Supermarket Type1,0.76
726,493,554,972,1089,57,39,99999,161573,Supermarket Type1,0.84
634,377,496,792,884,59,39,99999,40087,Supermarket Type1,0.51
679,404,518,916,968,95,39,99999,441815,Supermarket Type1,0.55
708,486,552,938,1039,101,39,99999,66501,Supermarket Type3,0.47
634,431,478,824,962,105,39,99999,23770,Supermarket Type3,0.25
669,454,494,926,929,107,39,99999,40814,Supermarket Type1,0.31
726,493,554,972,1089,109,39,99999,102506,Supermarket Type1,0.79
811,501,624,1046,1209,117,39,99999,34827,Supermarket Type1,0.75
634,431,469,831,887,127,39,99999,36058,Supermarket Type1,0.14
811,501,624,1046,1209,129,39,99999,55698,Grocery Store,0.74
776,494,574,999,1037,133,39,99999,161419,Supermarket Type1,0.74
634,431,521,837,1123,143,39,99999,60944,Supermarket Type1,0.23
677,422,500,843,905,149,39,99999,49423,Supermarket Type1,0.21
630,423,531,840,941,47,40,99999,60580,Supermarket Type2,0.47
623,393,460,776,868,49,40,99999,27576,Supermarket Type3,0.28
648,456,533,807,977,55,40,99999,6239,Supermarket Type1,0.19
623,491,494,818,1015,79,40,99999,50384,Supermarket Type2,0.36
623,421,460,776,1103,91,40,99999,20252,Supermarket Type1,0.22
632,445,467,869,918,95,40,99999,15840,Supermarket Type1,0.09
748,503,584,1024,1229,109,40,99999,718633,Supermarket Type1,0.63
697,434,535,1015,1234,119,40,99999,77350,Grocery Store,0.62
626,441,528,780,1109,139,40,99999,20640,Supermarket Type1,0.38
623,439,468,809,833,141,40,99999,7992,Supermarket Type2,0.17
783,494,601,1062,1183,143,40,99999,603403,Supermarket Type1,0.76
623,439,460,776,837,151,40,99999,8878,Grocery Store,0.13
677,515,532,867,951,1,41,99999,16134,Supermarket Type1,0.26
823,490,628,1213,1458,3,41,99999,85579,Supermarket Type1,0.3
706,443,572,1040,1209,13,41,99999,20978,Supermarket Type3,0.46
655,422,498,945,1102,21,41,99999,1871,Supermarket Type1,0.35
643,415,500,948,1139,23,41,99999,7445,Supermarket Type1,0.31
643,415,475,801,859,25,41,99999,7422,Grocery Store,0.2
697,430,565,1005,1216,35,41,99999,66380,Supermarket Type2,0.51
829,493,617,1193,1401,39,41,99999,351715,Supermarket Type1,0.73
801,511,592,1166,1279,43,41,99999,116672,Grocery Store,0.51
643,415,475,821,996,49,41,99999,11173,Supermarket Type1,0.14
944,682,793,1391,1672,51,41,99999,735334,Supermarket Type1,0.93
768,538,569,1132,1360,53,41,99999,75403,Supermarket Type1,0.54
735,474,620,966,1237,55,41,99999,1765,Supermarket Type3,0.36
773,490,618,1070,1364,57,41,99999,25250,Supermarket Type1,0.57
741,441,555,974,1312,59,41,99999,75889,Supermarket Type1,0.41
675,402,499,923,1165,61,41,99999,25748,Supermarket Type2,0.46
776,557,614,1136,1261,65,41,99999,25213,Supermarket Type1,0.6
944,682,793,1391,1672,67,41,99999,529710,Supermarket Type2,0.84
944,682,793,1391,1672,71,41,99999,99193,Grocery Store,0.72
786,549,630,987,1050,3,42,99999,1223348,Supermarket Type1,0.64
643,519,535,832,859,9,42,99999,49762,Supermarket Type3,0.11
643,467,542,930,1139,23,42,99999,5085,Supermarket Type2,0.26
972,670,769,1216,1379,25,42,99999,65249,Supermarket Type1,0.61
663,519,522,853,1150,37,42,99999,67295,Supermarket Type2,0.38
643,467,520,851,932,39,42,99999,88765,Supermarket Type1,0.58
866,608,678,1117,1157,41,42,99999,235406,Supermarket Type1,0.57
866,608,678,1117,1157,43,42,99999,268100,Supermarket Type1,0.57
643,467,542,804,859,57,42,99999,14845,Grocery Store,0.19
643,467,526,801,859,59,42,99999,38686,Supermarket Type1,0.48
812,483,631,1044,1152,75,42,99999,133568,Supermarket Type2,0.58
862,603,681,1141,1168,81,42,99999,116111,Supermarket Type3,0.61
643,498,501,808,859,87,42,99999,46682,Supermarket Type2,0.23
1156,814,959,1440,1546,91,42,99999,799874,Supermarket Type1,0.98
866,608,678,1117,1157,99,42,99999,45969,Supermarket Type1,0.58
643,515,518,888,891,113,42,99999,6428,Supermarket Type1,0.11
696,506,522,954,1094,119,42,99999,44947,Supermarket Type1,0.39
786,549,630,987,1050,125,42,99999,207820,Supermarket Type1,0.86
944,686,773,1176,1407,3,44,18640,35014,Supermarket Type2,0.44
944,686,773,1176,1407,3,44,74300,82672,Supermarket Type1,0.91
944,686,773,1176,1407,3,44,78440,29191,Supermarket Type1,0.91
1185,948,954,1746,2099,5,44,45460,16150,Supermarket Type2,0.64
1185,948,954,1746,2099,5,44,57880,17389,Supermarket Type1,0.82
944,686,773,1176,1407,7,44,22960,47037,Supermarket Type1,0.45
944,686,773,1176,1407,7,44,27460,4606,Grocery Store,0.63
944,686,773,1176,1407,7,44,30340,9746,Supermarket Type1,0.57
613,489,492,763,1086,5,45,99999,10419,Supermarket Type1,0.2
608,446,449,857,860,11,45,99999,22621,Supermarket Type2,0.22
940,653,793,1192,1440,13,45,99999,162233,Supermarket Type1,0.73
608,491,513,802,1001,25,45,99999,46734,Supermarket Type1,0.39
608,446,449,757,1021,27,45,99999,34971,Supermarket Type1,0.22
608,484,506,757,917,31,45,99999,68681,Supermarket Type1,0.22
711,522,526,943,1188,43,45,99999,60158,Grocery Store,0.47
966,575,760,1244,1387,59,45,99999,66537,Supermarket Type1,0.72
652,505,508,812,1007,85,45,99999,107456,Supermarket Type3,0.59
608,362,513,781,848,89,45,99999,34423,Supermarket Type1,0.42
708,450,523,1043,1254,11,46,99999,31965,Supermarket Type1,0.44
771,563,570,960,1030,17,46,99999,1912,Supermarket Type1,0.23
715,522,556,1054,1266,27,46,99999,13864,Supermarket Type1,0.33
677,466,500,891,905,35,46,99999,19504,Supermarket Type1,0.21
640,468,473,943,946,37,46,99999,5710,Supermarket Type1,0.06
834,609,616,1039,1115,43,46,99999,3002,Supermarket Type1,0.27
659,481,487,971,974,45,46,99999,4071,Supermarket Type1,0.28
750,548,554,1029,1032,47,46,99999,7094,Supermarket Type1,0.24
640,468,540,883,886,49,46,99999,2364,Supermarket Type1,0.05
640,468,503,886,1099,51,46,99999,7356,Supermarket Type1,0.38
640,468,540,943,946,53,46,99999,4271,Supermarket Type3,0.04
640,468,474,943,946,69,46,99999,1420,Supermarket Type1,0.12
640,468,540,943,946,79,46,99999,11200,Grocery Store,0.15
711,481,565,1000,1177,83,46,99999,44828,Supermarket Type1,0.7
640,468,474,943,946,95,46,99999,2048,Supermarket Type1,0.15
640,468,473,797,855,105,46,99999,2982,Supermarket Type1,0.1
640,468,540,797,855,107,46,99999,2329,Supermarket Type1,0.11
640,468,521,851,880,113,46,99999,13586,Supermarket Type1,0.18
708,421,550,929,1045,127,46,99999,14399,Supermarket Type3,0.58
640,457,473,893,1067,135,46,99999,22438,Supermarket Type1,0.39
640,468,498,935,1062,137,46,99999,2801,Supermarket Type2,0.29
622,423,525,877,1038,3,47,99999,45058,Supermarket Type1,0.36
581,395,444,724,821,7,47,99999,12876,Supermarket Type3,0.22
850,616,710,1130,1213,21,47,99999,39105,Grocery Store,0.78
581,395,429,856,861,27,47,99999,7861,Supermarket Type1,0.51
850,616,710,1130,1213,43,47,99999,49666,Supermarket Type1,0.88
832,614,702,1137,1267,47,47,99999,38413,Supermarket Type3,0.73
583,396,492,836,839,55,47,99999,29485,Supermarket Type3,0.26
593,408,451,795,929,57,47,99999,22657,Supermarket Type3,0.42
581,395,447,856,859,61,47,99999,13703,Supermarket Type2,0.59
581,346,429,733,776,83,47,99999,8426,Grocery Store,0.4
581,395,429,724,776,91,47,99999,18244,Supermarket Type1,0.21
581,454,457,856,935,95,47,99999,7832,Supermarket Type3,0.25
581,395,429,824,1019,97,47,99999,27815,Supermarket Type2,0.23
581,395,448,724,802,99,47,99999,41869,Supermarket Type2,0.31
581,395,444,724,977,103,47,99999,33361,Supermarket Type1,0.15
581,421,429,724,776,111,47,99999,22248,Supermarket Type1,0.23
590,401,448,790,834,123,47,99999,44519,Supermarket Type1,0.42
781,525,599,1035,1122,125,47,99999,172331,Supermarket Type1,0.85
581,395,458,724,891,129,47,99999,21987,Supermarket Type1,0.19
581,395,444,724,821,137,47,99999,5077,Supermarket Type1,0.18
595,404,456,851,934,141,47,99999,72321,Supermarket Type1,0.44
627,426,463,855,859,145,47,99999,54181,Supermarket Type1,0.48
581,391,447,798,835,161,47,99999,13324,Grocery Store,0.55
658,461,511,861,974,163,47,99999,156823,Grocery Store,0.55
832,614,702,1137,1267,167,47,99999,61081,Grocery Store,0.77
581,395,429,847,1029,181,47,99999,17021,Supermarket Type2,0.29
598,406,442,777,799,185,47,99999,25841,Supermarket Type3,0.37
850,616,710,1130,1213,187,47,99999,183182,Supermarket Type1,0.72
692,523,572,905,1019,5,48,99999,86771,Supermarket Type1,0.33
739,497,563,1089,1247,15,48,99999,28417,Supermarket Type1,0.48
872,551,695,1137,1247,19,48,99999,20485,Supermarket Type1,0.68
643,455,475,801,933,23,48,99999,3726,Supermarket Type3,0.32
872,551,695,1137,1247,29,48,99999,1714773,Supermarket Type2,0.69
764,479,622,952,1021,37,48,99999,92565,Supermarket Type2,0.68
803,647,651,1161,1392,41,48,99999,194851,Supermarket Type1,0.7
692,490,511,1020,1226,53,48,99999,42750,Supermarket Type3,0.48
643,455,475,948,951,79,48,99999,3127,Supermarket Type3,0.31
643,455,475,948,1139,83,48,99999,8895,Supermarket Type3,0.18
872,551,695,1137,1247,91,48,99999,108472,Grocery Store,0.76
643,455,475,801,933,93,48,99999,13974,Supermarket Type1,0.23
784,555,579,1024,1048,97,48,99999,38437,Supermarket Type1,0.48
643,455,475,948,951,105,48,99999,3719,Supermarket Type2,0.47
756,494,575,1103,1271,107,48,99999,6059,Supermarket Type1,0.56
643,455,536,948,951,115,48,99999,13833,Supermarket Type1,0.08
643,472,475,801,933,123,48,99999,20097,Supermarket Type1,0.18
643,455,500,801,933,125,48,99999,2444,Supermarket Type1,0.06
643,455,542,801,859,127,48,99999,9996,Supermarket Type1,0.23
703,498,593,876,1020,131,48,99999,11782,Supermarket Type1,0.35
649,386,480,892,1051,147,48,99999,33915,Supermarket Type1,0.23
643,455,500,948,951,155,48,99999,1336,Supermarket Type1,0.44
890,599,721,1215,1502,167,48,99999,291309,Supermarket Type1,0.96
643,472,475,948,954,177,48,99999,19807,Supermarket Type2,0.39
693,560,565,863,1109,183,48,99999,121730,Supermarket Type1,0.61
715,506,556,890,1037,197,48,99999,4139,Supermarket Type1,0.19
643,455,500,948,951,207,48,99999,5899,Supermarket Type3,0.23
692,490,511,939,999,217,48,99999,35089,Supermarket Type1,0.41
643,455,500,948,951,229,48,99999,3476,Supermarket Type1,0.41
921,607,728,1229,1484,231,48,99999,86129,Grocery Store,0.88
643,455,542,816,933,247,48,99999,5300,Grocery Store,0.01
717,508,550,893,958,249,48,99999,40838,Supermarket Type2,0.15
643,519,542,948,1139,255,48,99999,14824,Supermarket Type1,0.22
936,591,789,1379,1658,259,48,99999,33410,Supermarket Type1,0.72
643,455,500,801,933,263,48,99999,808,Supermarket Type3,0.45
643,455,492,948,951,271,48,99999,3598,Grocery Store,0.39
643,455,500,801,859,275,48,99999,3719,Supermarket Type1,0.13
643,455,542,859,1035,279,48,99999,13977,Supermarket Type2,0.32
643,455,475,935,938,307,48,99999,8283,Supermarket Type1,0.08
766,482,566,1003,1122,309,48,99999,234906,Supermarket Type1,0.93
643,455,542,948,951,313,48,99999,13664,Supermarket Type1,0.1
643,455,500,948,951,319,48,99999,4012,Supermarket Type2,0.44
643,426,542,914,933,323,48,99999,54258,Supermarket Type1,0.29
643,455,542,924,1139,335,48,99999,9403,Supermarket Type2,0.25
890,599,721,1215,1502,339,48,99999,455746,Supermarket Type3,0.91
661,533,536,823,1096,341,48,99999,21904,Supermarket Type1,0.3
643,455,542,948,1139,353,48,99999,15216,Supermarket Type1,0.13
893,590,690,1198,1426,367,48,99999,116927,Supermarket Type1,0.9
643,462,531,850,1139,371,48,99999,15507,Supermarket Type1,0.38
643,455,475,948,951,379,48,99999,10914,Supermarket Type1,0.3
745,480,567,1017,1064,381,48,99999,120725,Supermarket Type1,0.9
643,455,475,948,951,385,48,99999,3309,Supermarket Type1,0.42
643,455,511,948,1139,389,48,99999,13783,Grocery Store,0.29
651,461,506,811,944,393,48,99999,929,Supermarket Type1,0.31
643,455,475,801,933,419,48,99999,25448,Grocery Store,0.32
643,455,542,888,933,421,48,99999,3034,Supermarket Type1,0.13
714,505,528,932,1036,429,48,99999,9630,Supermarket Type1,0.3
893,590,690,1198,1426,439,48,99999,1809034,Supermarket Type2,0.83
643,455,500,948,951,447,48,99999,1641,Supermarket Type1,0.37
643,455,542,872,933,461,48,99999,3355,Supermarket Type3,0.19
705,499,521,912,942,467,48,99999,52579,Supermarket Type1,0.36
890,599,721,1215,1502,473,48,99999,43205,Grocery Store,0.95
673,400,497,889,899,481,48,99999,41280,Supermarket Type1,0.28
661,468,558,950,959,483,48,99999,5410,Supermarket Type1,0.18
712,424,570,1009,1155,485,48,99999,131500,Supermarket Type2,0.78
643,455,475,948,951,495,48,99999,7110,Supermarket Type1,0.31
838,499,619,1044,1120,497,48,99999,59127,Supermarket Type1,0.5
656,482,485,882,1119,499,48,99999,41964,Supermarket Type1,0.23
654,463,508,885,949,501,48,99999,7879,Supermarket Type3,0.23
643,455,542,948,951,507,48,99999,11677,Supermarket Type3,0.39
606,460,511,755,910,15,49,99999,10976,Supermarket Type1,0.18
606,460,511,893,1050,27,49,99999,12503,Supermarket Type2,0.29
606,460,511,818,821,37,49,99999,14746,Supermarket Type1,0.19
859,631,635,1160,1344,47,49,99999,32588,Supermarket Type1,0.5
763,500,639,1103,1351,49,49,99999,516564,Supermarket Type2,0.55
868,659,732,1279,1283,51,49,99999,23530,Supermarket Type1,0.73
606,460,511,861,971,55,49,99999,2778,Supermarket Type1,0.24
925,717,780,1283,1550,1,50,325,1371,Grocery Store,0.35
925,717,780,1283,1550,1,50,8575,1218,Supermarket Type1,0.22
925,717,780,1283,1550,1,50,16000,1185,Supermarket Type2,0.17
925,717,780,1283,1550,1,50,53950,677,Supermarket Type1,0.17
925,717,780,1283,1550,1,50,62575,1136,Supermarket Type1,0.19
925,717,780,1283,1550,1,50,65050,1265,Supermarket Type1,0.4
925,717,780,1283,1550,1,50,70075,1777,Supermarket Type3,0.35
925,717,780,1283,1550,1,50,83275,833,Supermarket Type1,0.08
935,557,719,1140,1270,3,50,1450,2317,Supermarket Type1,0.08
935,557,719,1140,1270,3,50,27962,8,Supermarket Type1,0.03
935,557,719,1140,1270,3,50,39025,158,Supermarket Type1,0.02
935,557,719,1140,1270,3,50,42850,4391,Grocery Store,0.12
935,557,719,1140,1270,3,50,57025,3527,Supermarket Type1,0.11
935,557,719,1140,1270,3,50,62875,405,Supermarket Type3,0
935,557,719,1140,1270,3,50,63550,3590,Supermarket Type1,0.09
805,642,679,1003,1226,5,50,30550,1022,Supermarket Type1,0.08
805,642,679,1003,1226,5,50,62200,7603,Supermarket Type1,0.24
805,642,679,1003,1226,5,50,69925,216,Supermarket Type1,0
805,642,679,1003,1226,5,50,71575,1029,Supermarket Type1,0.06
805,642,679,1003,1226,5,50,77125,1280,Supermarket Type1,0.03
1328,936,1017,1663,1953,7,50,24175,19587,Supermarket Type1,0.71
1328,936,1017,1663,1953,7,50,36700,5009,Supermarket Type1,0.84
1328,936,1017,1663,1953,7,50,62050,674,Supermarket Type1,0.86
1328,936,1017,1663,1953,7,50,64300,7144,Supermarket Type2,0.73
1328,936,1017,1663,1953,7,50,80350,2029,Supermarket Type3,0.64
715,547,603,890,1144,9,50,11800,972,Supermarket Type1,0
715,547,603,890,1144,9,50,15250,1235,Supermarket Type1,0.01
715,547,603,890,1144,9,50,21250,290,Supermarket Type1,0.04
715,547,603,890,1144,9,50,39775,0,Supermarket Type1,0.01
1328,936,1017,1663,1953,11,50,2500,1322,Supermarket Type1,0.5
1328,936,1017,1663,1953,11,50,23875,2781,Supermarket Type1,0.86
1328,936,1017,1663,1953,11,50,26500,1277,Supermarket Type3,0.48
1328,936,1017,1663,1953,11,50,27700,4515,Supermarket Type1,0.89
1328,936,1017,1663,1953,11,50,33025,3535,Supermarket Type1,0.95
1328,936,1017,1663,1953,11,50,61750,5999,Supermarket Type1,0.96
1328,936,1017,1663,1953,11,50,71725,6427,Supermarket Type1,0.94
966,641,775,1404,1700,15,50,23500,1323,Supermarket Type1,0.11
966,641,775,1404,1700,15,50,85375,1676,Supermarket Type1,0.21
894,532,747,1113,1583,17,50,13525,1238,Supermarket Type1,0.3
894,532,747,1113,1583,17,50,72400,2588,Supermarket Type2,0.15
894,532,747,1113,1583,17,50,73675,1284,Supermarket Type1,0.16
894,532,747,1113,1583,17,50,76750,1039,Supermarket Type1,0.28
762,616,637,954,1033,19,50,33775,629,Supermarket Type1,0.14
762,616,637,954,1033,19,50,46450,749,Supermarket Type1,0.12
904,647,713,1126,1373,21,50,25375,2734,Supermarket Type2,0.02
904,647,713,1126,1373,21,50,35425,432,Supermarket Type1,0.04
904,647,713,1126,1373,21,50,37685,811,Supermarket Type1,0.03
904,647,713,1126,1373,21,50,47200,1237,Grocery Store,0.02
904,647,713,1126,1373,21,50,61225,16495,Supermarket Type3,0.33
904,647,713,1126,1373,21,50,75925,2079,Supermarket Type1,0
904,647,713,1126,1373,21,50,77950,1150,Supermarket Type1,0.03
983,788,793,1247,1560,23,50,3250,7924,Grocery Store,0.08
983,788,793,1247,1560,23,50,18550,1337,Supermarket Type1,0.07
983,788,793,1247,1560,23,50,25825,1353,Supermarket Type1,0.07
983,788,793,1247,1560,23,50,44500,1731,Supermarket Type1,0.06
983,788,793,1247,1560,23,50,46225,1658,Supermarket Type2,0.09
983,788,793,1247,1560,23,50,60625,691,Grocery Store,0.17
983,788,793,1247,1560,23,50,75325,1719,Supermarket Type1,0.06
972,648,729,1185,1493,25,50,1900,442,Supermarket Type2,0.11
972,648,729,1185,1493,25,50,7900,12046,Supermarket Type1,0.35
972,648,729,1185,1493,25,50,70750,216,Supermarket Type1,0.11
1017,730,735,1208,1326,27,50,2575,244,Supermarket Type1,0.03
1017,730,735,1208,1326,27,50,32275,9952,Supermarket Type3,0.33
1017,730,735,1208,1326,27,50,52900,3414,Supermarket Type3,0.54
1017,730,735,1208,1326,27,50,83050,1099,Supermarket Type1,0.06
1017,730,735,1208,1326,27,50,84925,3553,Grocery Store,0.15
1038,662,875,1321,1498,3,51,99999,98970,Supermarket Type1,0.56
692,508,511,862,1226,25,51,99999,17434,Supermarket Type3,0.41
643,519,542,948,1139,29,51,99999,17146,Grocery Store,0.21
993,797,838,1306,1582,41,51,99999,316236,Supermarket Type3,0.43
1458,1167,1230,1951,2451,43,51,99999,14034,Supermarket Type1,0.75
732,507,587,959,1087,45,51,99999,5190,Supermarket Type1,0.26
993,797,838,1306,1582,49,51,99999,10052,Supermarket Type1,0.74
1458,1167,1230,1951,2451,59,51,99999,1081726,Supermarket Type1,0.98
643,491,542,937,1064,71,51,99999,17286,Supermarket Type3,0.11
643,519,542,948,951,91,51,99999,2321,Supermarket Type1,0.12
993,797,838,1306,1582,97,51,99999,6945,Supermarket Type3,0.71
693,509,512,863,926,111,51,99999,12914,Supermarket Type1,0.18
1107,894,920,1530,1926,115,51,99999,8978,Supermarket Type1,0.81
777,570,574,968,1308,131,51,99999,12389,Supermarket Type1,0.3
993,797,838,1306,1582,145,51,99999,28046,Supermarket Type1,0.89
1458,1167,1230,1951,2451,177,51,99999,122397,Grocery Store,0.96
993,797,838,1306,1582,183,51,99999,12087,Supermarket Type1,0.85
1458,1167,1230,1951,2451,510,51,99999,139966,Supermarket Type1,0.97
658,461,511,861,974,520,51,99999,17835,Supermarket Type1,0.54
677,498,571,843,1182,530,51,99999,6650,Supermarket Type2,0.16
1107,894,920,1530,1926,550,51,99999,222209,Supermarket Type1,0.79
643,412,524,911,914,590,51,99999,43055,Supermarket Type3,0.63
806,606,610,1004,1077,620,51,99999,8582,Supermarket Type1,0.29
1458,1167,1230,1951,2451,685,51,99999,14273,Supermarket Type1,0.75
1107,894,920,1530,1926,700,51,99999,180719,Supermarket Type1,0.75
733,527,618,1026,1298,750,51,99999,16408,Supermarket Type1,0.55
732,507,587,959,1087,770,51,99999,97032,Supermarket Type1,0.6
732,507,587,959,1087,775,51,99999,24802,Grocery Store,0.28
1107,894,920,1530,1926,800,51,99999,84585,Supermarket Type3,0.88
829,566,648,1108,1428,21,53,99999,78163,Supermarket Type1,0.35
679,481,513,918,1111,25,53,99999,89120,Supermarket Type1,0.64
681,454,527,972,1005,27,53,99999,72797,Supermarket Type1,0.39
909,574,696,1339,1401,29,53,99999,78506,Supermarket Type2,0.56
876,522,647,1186,1190,45,53,99999,60699,Supermarket Type1,0.46
1026,769,838,1486,1817,67,53,99999,252264,Supermarket Type1,0.59
731,477,540,966,1295,71,53,99999,58781,Supermarket Type1,0.42
736,465,562,1085,1297,75,53,99999,44776,Supermarket Type1,0.37
786,517,592,1015,1050,3,54,99999,104169,Grocery Store,0.65
714,533,599,940,1064,15,54,99999,9386,Supermarket Type1,0.36
628,461,464,782,903,17,54,99999,8202,Supermarket Type1,0.2
628,436,486,841,871,19,54,99999,46039,Supermarket Type1,0.35
664,520,524,827,938,21,54,99999,8693,Supermarket Type1,0.1
714,533,599,940,1064,39,54,99999,193063,Supermarket Type2,0.73
714,533,599,940,1064,43,54,99999,21720,Supermarket Type1,0.68
628,507,530,889,892,45,54,99999,36743,Grocery Store,0.23
628,475,478,912,915,53,54,99999,27324,Supermarket Type1,0.23
631,490,493,786,843,55,54,99999,62264,Supermarket Type1,0.28
628,374,527,782,1030,59,54,99999,26839,Supermarket Type1,0.48
628,491,530,782,886,63,54,99999,13502,Supermarket Type1,0.21
628,491,530,925,929,71,54,99999,7695,Supermarket Type1,0.1
631,450,529,920,923,91,54,99999,16895,Supermarket Type1,0.19
638,380,519,843,1035,99,54,99999,42481,Supermarket Type1,0.69
642,456,491,862,948,105,54,99999,5717,Supermarket Type3,0.36
643,383,542,896,900,7,55,99999,15014,Supermarket Type1,0.22
643,472,475,805,922,23,55,99999,16644,Supermarket Type1,0.11
753,452,564,961,1157,39,55,99999,101633,Grocery Store,0.69
829,493,632,1118,1247,55,55,99999,83686,Grocery Store,0.44
645,443,489,907,1142,57,55,99999,26664,Supermarket Type3,0.24
728,433,542,1012,1232,63,55,99999,114638,Supermarket Type1,0.72
671,399,496,836,897,77,55,99999,15404,Supermarket Type2,0.1
643,408,475,801,859,78,55,99999,4232,Supermarket Type3,0.03
708,551,575,946,1254,85,55,99999,35998,Supermarket Type2,0.5
996,641,796,1403,1656,93,55,99999,41019,Supermarket Type2,0.72
643,408,475,801,981,99,55,99999,14159,Supermarket Type1,0.27
643,461,523,831,1065,103,55,99999,18021,Supermarket Type2,0.3
755,449,572,952,1009,105,55,99999,160331,Supermarket Type3,0.51
763,525,582,956,1020,111,55,99999,61976,Supermarket Type1,0.49
643,383,475,801,859,119,55,99999,20689,Supermarket Type1,0.11
643,416,475,859,1048,121,55,99999,28816,Supermarket Type1,0.16
684,502,506,852,1090,125,55,99999,21430,Grocery Store,0.47
743,568,614,1095,1099,23,56,99999,18106,Supermarket Type1,0.38
757,500,572,1115,1325,25,56,99999,75450,Supermarket Type3,0.47
643,492,542,898,981,31,56,99999,8667,Supermarket Type1,0.07
660,492,496,923,1101,41,56,99999,21118,Supermarket Type1,0.28
668,511,519,832,1019,45,56,99999,7208,Supermarket Type1,0.24
530,420,443,683,725,3,72,99999,41959,Supermarket Type1,0.86
468,370,390,647,660,13,72,99999,96440,Supermarket Type1,0.95
601,464,502,810,975,17,72,99999,24816,Supermarket Type1,0.99
550,415,423,799,901,25,72,99999,142893,Supermarket Type1,0.92
468,370,390,647,660,27,72,99999,35159,Supermarket Type1,0.93
601,464,502,810,975,33,72,99999,28140,Supermarket Type1,0.99
545,432,455,792,850,37,72,99999,13631,Supermarket Type1,0.83
405,319,327,527,615,43,72,99999,40512,Supermarket Type1,0.14
601,464,502,810,975,51,72,99999,38165,Supermarket Type2,1
419,330,349,560,730,55,72,99999,19427,Supermarket Type1,0.96
601,464,502,810,975,61,72,99999,97924,Supermarket Type1,0.93
506,400,422,734,884,75,72,99999,50747,Grocery Store,0.98
530,420,443,683,725,81,72,99999,30753,Supermarket Type2,0.82
545,432,455,792,850,89,72,99999,20068,Supermarket Type1,0.88
601,464,502,810,975,103,72,99999,26720,Supermarket Type2,0.96
601,464,502,810,975,105,72,99999,30402,Supermarket Type1,0.97
558,331,412,691,773,109,72,99999,19277,Supermarket Type1,0.7
420,314,350,519,570,115,72,99999,25919,Supermarket Type3,0.58
601,464,502,810,975,119,72,99999,54304,Supermarket Type3,0.98
601,464,502,810,975,127,72,99999,395326,Supermarket Type1,0.92
550,415,423,799,901,129,72,99999,41058,Supermarket Type1,0.91
601,464,502,810,975,135,72,99999,74066,Supermarket Type1,0.99
760,602,627,949,1086,10,78,99999,53234,Supermarket Type1,0.73
559,441,443,824,958,107,21,99999,46920,Supermarket Type1,0.28
600,485,506,747,802,67,38,99999,7413,Supermarket Type1,0.12
681,520,572,868,1053,29,23,19870,728,Grocery Store,0.05
679,548,564,860,942,3,23,12000,468,Supermarket Type3,0.3
807,480,642,1082,1202,129,19,99999,15059,Supermarket Type3,0.63
651,461,506,868,944,301,48,99999,82,Supermarket Type1,0.41
916,708,773,1213,1474,297,13,99999,83768,Supermarket Type3,0.91
1494,1071,1196,1861,2023,25,25,80930,17497,Supermarket Type2,0.84
623,439,460,860,863,61,40,99999,12769,Supermarket Type1,0.11
709,573,598,946,1134,7,33,56100,2288,Supermarket Type3,0.23
803,647,651,1161,1392,51,48,99999,17187,Supermarket Type1,0.57
1328,936,1017,1663,1953,7,50,66175,17904,Supermarket Type1,0.77
746,559,611,955,1100,680,51,99999,75568,Supermarket Type3,0.61
681,520,572,868,1053,29,23,20960,1368,Supermarket Type1,0.31
604,399,509,890,988,125,29,99999,9176,Supermarket Type1,0.12
838,597,622,1210,1420,7,4,99999,53597,Supermarket Type1,0.24
725,485,611,962,1139,77,45,99999,119224,Supermarket Type1,0.9
993,797,838,1306,1582,36,51,99999,7256,Supermarket Type3,0.67
1038,662,875,1321,1498,79,51,99999,18403,Supermarket Type3,0.58
1074,730,869,1421,1492,37,23,12300,341,Supermarket Type1,0.91
607,409,455,772,830,149,31,99999,1526,Supermarket Type1,0.03
599,459,462,874,894,105,1,99999,10591,Supermarket Type1,0.07
643,469,484,948,951,41,30,99999,16096,Supermarket Type1,0.1
640,468,540,943,1031,111,46,99999,2355,Supermarket Type1,0.11
827,571,668,1219,1465,29,30,99999,90928,Supermarket Type1,0.47
681,520,572,868,1053,29,23,15920,507,Supermarket Type1,0.06
679,548,564,860,942,3,23,21380,1287,Supermarket Type1,0.08
764,502,603,1023,1057,35,39,99999,1280122,Supermarket Type1,0.65
623,420,525,844,847,99,31,99999,6489,Supermarket Type1,0.22
743,526,549,925,993,31,48,99999,10497,Supermarket Type1,0.22
709,573,598,883,1256,7,23,51400,61,Grocery Store,0.09
607,409,503,756,811,147,31,99999,8363,Supermarket Type1,0.05
746,559,611,955,1100,11,51,99999,14973,Supermarket Type3,0.59
932,559,703,1333,1588,5,23,48820,5542,Grocery Store,0.73
643,455,500,857,933,45,48,99999,1637,Supermarket Type1,0.2
643,449,540,826,952,89,51,99999,54151,Supermarket Type2,0.46
1144,732,918,1425,1655,7,9,47360,47648,Supermarket Type1,0.87
583,428,431,756,1033,187,21,99999,10841,Supermarket Type1,0.07
643,519,542,816,1139,109,8,99999,6108,Supermarket Type1,0.27
843,619,623,1102,1493,137,51,99999,33481,Supermarket Type2,0.52
608,491,513,765,895,67,45,99999,33062,Supermarket Type2,0.33
924,616,739,1154,1314,13,25,77850,28391,Supermarket Type3,0.84
600,482,485,795,814,91,38,99999,1975,Supermarket Type1,0.07
593,402,438,739,819,3,19,99999,4029,Supermarket Type1,0.14
643,472,475,801,1033,63,51,99999,15279,Supermarket Type1,0.12
1234,825,920,1614,1695,1,25,7175,19754,Supermarket Type1,0.9
593,445,448,739,831,213,21,99999,17327,Supermarket Type1,0.08
631,419,532,930,933,59,17,99999,5589,Supermarket Type1,0.24
607,409,455,756,830,115,31,99999,632,Supermarket Type1,0
1494,1071,1196,1861,2023,17,25,48955,14892,Supermarket Type2,0.91
666,448,562,932,1077,19,23,47560,201,Supermarket Type1,1
678,403,501,844,991,167,18,99999,107848,Supermarket Type1,0.66
643,493,497,922,1060,75,55,99999,41749,Supermarket Type2,0.23
728,472,573,958,1166,77,26,99999,250331,Grocery Store,0.78
689,515,547,930,1204,17,23,4825,2607,Supermarket Type1,0.2
606,410,511,854,1073,21,49,99999,46163,Supermarket Type1,0.23
1494,1071,1196,1861,2023,23,25,30210,22157,Supermarket Type1,0.97
620,491,495,867,871,151,28,99999,51137,Supermarket Type1,0.17
691,449,511,902,1034,167,20,99999,6970,Supermarket Type1,0.42
607,409,449,756,960,163,31,99999,3152,Supermarket Type1,0.01
925,717,780,1283,1550,1,50,44350,8496,Supermarket Type2,0.31
586,473,494,864,1038,293,13,99999,27153,Supermarket Type3,0.28
679,548,564,860,942,3,23,27120,81,Supermarket Type1,0.15
679,548,564,860,942,3,23,45180,273,Supermarket Type2,0.32
405,319,327,527,615,83,72,99999,9881,Supermarket Type1,0.07
972,648,729,1185,1493,25,50,74800,2206,Supermarket Type1,0.05
979,594,803,1219,1325,9,9,62290,9405,Grocery Store,0.41
916,708,773,1213,1474,151,13,99999,203922,Supermarket Type2,0.63
558,419,470,787,790,33,21,99999,12984,Supermarket Type2,0.1
1017,730,735,1208,1326,27,50,58375,666,Supermarket Type1,0
1213,943,965,1523,1693,9,33,7540,1083,Supermarket Type3,0.03
694,504,540,889,1229,119,18,99999,21575,Supermarket Type1,0.49
586,473,494,864,866,75,13,99999,17212,Supermarket Type1,0.07
1159,782,888,1558,1809,11,33,8100,4991,Supermarket Type1,0.91
1146,780,957,1588,1593,109,36,99999,101564,Supermarket Type1,0.84
657,491,554,852,900,21,23,1920,326,Grocery Store,0.06
581,395,490,761,776,85,47,99999,18538,Supermarket Type2,0.29
691,470,517,861,1109,155,47,99999,89889,Supermarket Type3,0.54
655,512,515,895,898,23,26,99999,45248,Supermarket Type1,0.14
604,458,461,858,1070,109,29,99999,38634,Supermarket Type2,0.29
581,395,429,848,851,41,47,99999,18723,Grocery Store,0.63
604,359,446,890,1010,215,29,99999,26008,Supermarket Type1,0.42
1017,730,735,1208,1326,27,50,77500,2825,Supermarket Type1,0.1
696,481,568,900,1014,101,36,99999,98990,Grocery Store,0.74
628,491,505,825,839,89,54,99999,13927,Supermarket Type1,0.22
1030,790,802,1305,1548,5,9,86440,11242,Supermarket Type1,0.14
636,467,470,823,1015,71,40,99999,46562,Supermarket Type1,0.45
772,499,591,973,1033,1,23,29255,4350,Supermarket Type1,0.94
714,476,574,971,1094,65,47,99999,336463,Grocery Store,0.81
666,448,562,932,1077,19,23,17530,3895,Supermarket Type2,0.81
966,641,775,1404,1700,15,50,46675,5227,Grocery Store,0.05
627,493,529,842,846,127,22,99999,15313,Grocery Store,0.3
1718,1100,1395,2234,2572,103,36,99999,1493350,Supermarket Type1,0.94
624,497,502,777,834,41,45,99999,136885,Supermarket Type1,0.64
917,627,724,1245,1289,31,23,275,2447,Supermarket Type1,0.84
1159,782,888,1558,1809,11,33,51940,5099,Supermarket Type1,0.88
914,699,729,1151,1221,5,56,99999,46133,Supermarket Type1,0.59
1328,936,1017,1663,1953,7,50,73975,3016,Supermarket Type1,0.9
904,647,713,1126,1373,21,50,57250,1741,Supermarket Type1,0.02
816,531,688,1058,1445,27,25,2480,11584,Supermarket Type2,0.74
679,548,564,860,942,3,23,40595,1068,Supermarket Type2,0.08
1001,639,801,1320,1575,13,33,1460,2371,Supermarket Type2,0.34
1371,1070,1156,1776,2014,3,34,99999,905116,Supermarket Type1,0.85
1232,833,985,1574,1713,13,24,99999,167134,Supermarket Type1,0.98
586,430,433,814,887,49,13,99999,12171,Supermarket Type2,0.11
643,408,493,875,940,65,55,99999,16836,Supermarket Type3,0.21
1289,832,953,1605,1723,50,2,99999,17013,Supermarket Type1,0.56
1249,958,1011,1581,1762,9,9,19550,12902,Supermarket Type1,0.32
657,491,554,852,900,21,23,44830,254,Supermarket Type1,0.01
746,444,629,947,997,67,28,99999,67761,Supermarket Type1,0.28
710,448,554,957,1008,161,17,99999,147546,Grocery Store,0.82
746,599,627,1015,1019,25,23,1395,2511,Supermarket Type1,0.17
776,586,590,1118,1374,149,20,99999,21604,Supermarket Type1,0.81
1458,1167,1230,1951,2451,13,51,99999,207627,Supermarket Type1,0.78
904,647,713,1126,1373,21,50,54250,1477,Supermarket Type1,0.04
762,453,563,959,1350,7,53,99999,72453,Supermarket Type1,0.31
794,559,670,1081,1150,27,23,79480,762,Supermarket Type1,0.12
924,724,767,1154,1322,11,33,1700,2637,Supermarket Type3,0.9
584,429,432,802,1005,41,5,99999,13008,Supermarket Type1,0.17
1494,1071,1196,1861,2023,17,25,62535,75754,Supermarket Type1,0.92
636,413,470,937,940,195,20,99999,3001,Supermarket Type1,0.17
681,520,572,868,1053,29,23,76895,237,Supermarket Type1,0.03
658,461,511,861,974,169,51,99999,23177,Supermarket Type1,0.54
1494,1071,1196,1861,2023,21,25,54100,8264,Supermarket Type1,0.97
927,678,732,1199,1461,11,25,73265,780,Supermarket Type1,0.94
631,473,491,930,947,23,35,99999,4894,Supermarket Type1,0.2
640,468,516,898,979,9,46,99999,7070,Supermarket Type3,0.17
593,402,482,874,877,37,19,99999,12439,Supermarket Type1,0.06
601,445,448,749,921,71,5,99999,25540,Supermarket Type1,0.1
600,485,506,884,887,57,38,99999,8424,Supermarket Type3,0.17
758,481,578,971,1088,15,36,99999,88830,Supermarket Type1,0.61
1144,732,918,1425,1655,7,9,22280,9126,Supermarket Type1,0.76
643,408,542,871,1005,1,55,99999,20875,Supermarket Type1,0.24
1494,1071,1196,1861,2023,17,25,39625,10106,Supermarket Type1,0.93
1481,1196,1249,1904,2134,79,36,99999,99710,Supermarket Type1,0.96
653,449,483,926,929,163,21,99999,28602,Supermarket Type1,0.44
732,461,587,960,978,203,48,99999,65631,Supermarket Type1,0.34
1328,936,1017,1663,1953,11,50,27100,1405,Supermarket Type3,0.46
620,422,484,914,917,41,28,99999,14400,Grocery Store,0.09
600,485,506,801,814,21,38,99999,5289,Supermarket Type1,0.13
1064,718,837,1458,1521,17,33,69940,11766,Grocery Store,0.79
741,493,548,984,990,65,27,99999,16239,Supermarket Type1,0.33
405,319,327,527,615,73,72,99999,16642,Supermarket Type2,0.14
794,559,670,1081,1150,27,23,26280,1124,Supermarket Type2,0.06
600,485,506,884,951,103,38,99999,4207,Supermarket Type1,0.11
643,455,542,801,927,69,48,99999,8062,Supermarket Type1,0.08
1156,814,959,1440,1546,17,42,99999,625249,Supermarket Type1,0.97
709,573,598,946,1134,7,33,4100,0,Supermarket Type1,0.17
643,455,542,831,948,63,48,99999,12401,Supermarket Type1,0.21
661,448,508,823,1005,215,48,99999,774769,Supermarket Type2,0.43
604,443,446,783,933,111,29,99999,10211,Supermarket Type3,0.14
655,457,552,908,936,79,1,99999,34339,Supermarket Type3,0.5
706,518,522,917,1146,35,42,99999,39238,Supermarket Type3,0.46
643,455,500,857,933,261,48,99999,416,Supermarket Type2,0.46
1001,639,801,1320,1575,13,33,6260,3965,Supermarket Type1,0.05
586,453,456,730,783,5,13,99999,11096,Supermarket Type1,0.12
921,695,740,1248,1604,67,8,99999,51334,Grocery Store,0.49
776,508,593,1105,1237,209,21,99999,47173,Supermarket Type1,0.85
623,474,477,878,1103,41,40,99999,41487,Grocery Store,0.36
1494,1071,1196,1861,2023,21,25,41515,7891,Supermarket Type1,0.95
811,625,629,1125,1436,87,37,99999,59036,Supermarket Type1,0.32
848,588,666,1116,1133,9,23,26595,61,Grocery Store,0.02
1107,894,920,1530,1926,650,51,99999,137436,Supermarket Type1,0.83
704,501,520,943,1030,67,18,99999,82752,Supermarket Type2,0.49
644,473,476,854,1141,107,55,99999,14755,Supermarket Type1,0.34
816,531,688,1058,1445,27,25,45105,999,Supermarket Type1,0.89
1316,874,1055,1639,1818,9,9,57600,13956,Supermarket Type1,0.95
643,455,488,836,1004,289,48,99999,16801,Supermarket Type1,0.3
924,616,739,1154,1314,13,25,52105,12140,Supermarket Type1,0.92
848,588,666,1116,1133,9,23,28975,58,Supermarket Type2,0.03
757,487,610,992,1012,199,48,99999,54635,Supermarket Type1,0.69
1052,684,817,1303,1362,20,78,99999,4197,Supermarket Type3,0.35
643,408,521,948,951,13,55,99999,15457,Supermarket Type3,0.24
921,607,728,1229,1484,119,48,99999,5231,Grocery Store,0.59
632,511,533,905,908,5,37,99999,11155,Supermarket Type3,0.21
839,550,708,1045,1178,3,25,34340,3091,Supermarket Type3,0.64
1328,936,1017,1663,1953,7,50,85150,7267,Supermarket Type1,0.85
639,500,535,796,854,101,54,99999,9154,Supermarket Type1,0.17
647,427,478,909,1000,39,29,99999,13982,Supermarket Type1,0.21
679,548,564,860,942,3,23,58060,386,Supermarket Type1,0.08
634,464,522,916,1029,37,39,99999,52959,Supermarket Type2,0.32
1583,1027,1170,1973,2497,1,9,4720,18584,Supermarket Type1,0.86
1030,790,802,1305,1548,5,9,79510,1461,Supermarket Type3,0.29
746,559,611,955,1100,515,51,99999,6222,Supermarket Type1,0.45
916,708,773,1213,1474,77,13,99999,127317,Supermarket Type1,0.82
601,464,502,810,975,91,72,99999,44113,Supermarket Type3,0.99
927,678,732,1199,1461,11,25,12505,1266,Supermarket Type3,0.97
667,465,505,831,891,33,26,99999,38520,Supermarket Type3,0.35
746,599,627,1015,1019,25,23,10495,69,Supermarket Type1,0.04
643,455,542,939,942,111,48,99999,6703,Grocery Store,0.05
425,335,354,599,718,121,72,99999,25265,Supermarket Type1,0.8
1316,874,1055,1639,1818,9,9,87700,8990,Supermarket Type2,0.77
709,573,598,946,1134,7,33,57860,4,Supermarket Type1,0.13
679,548,564,860,942,3,23,30690,219,Supermarket Type1,0.03
634,377,527,902,905,67,39,99999,15864,Supermarket Type1,0.27
1214,891,897,1689,1695,7,9,81680,6938,Supermarket Type3,0.7
1494,1071,1196,1861,2023,21,25,11315,21561,Supermarket Type1,0.98
966,641,775,1404,1700,15,50,35050,2954,Supermarket Type1,0.04
917,627,724,1245,1289,31,23,36535,10798,Grocery Store,0.86
636,378,470,825,1006,3,17,99999,8238,Supermarket Type1,0.41
607,409,455,756,854,87,31,99999,2908,Supermarket Type1,0.07
701,417,528,990,1202,197,20,99999,7053,Supermarket Type1,0.71
1494,1071,1196,1861,2023,17,25,3005,7427,Grocery Store,0.78
831,636,701,1120,1389,25,37,99999,178011,Supermarket Type2,0.54
983,788,793,1247,1560,23,50,43600,1588,Supermarket Type1,0.03
643,428,477,948,951,107,27,99999,6852,Supermarket Type1,0.13
643,519,542,854,1139,105,8,99999,11982,Supermarket Type1,0.3
627,493,524,924,1010,25,22,99999,10407,Supermarket Type1,0.19
651,461,506,811,944,269,48,99999,286,Supermarket Type1,0.42
922,743,748,1182,1232,13,23,33840,1536,Supermarket Type3,0.07
593,402,438,739,862,81,19,99999,11341,Supermarket Type1,0.05
746,599,627,1015,1019,25,23,59705,93,Supermarket Type1,0.01
